CREATE DATABASE  IF NOT EXISTS `mib` /*!40100 DEFAULT CHARACTER SET latin1 */;
USE `mib`;
-- MySQL dump 10.13  Distrib 5.7.25, for Win64 (x86_64)
--
-- Host: localhost    Database: mib
-- ------------------------------------------------------
-- Server version	5.7.25-log

/*!40101 SET @OLD_CHARACTER_SET_CLIENT=@@CHARACTER_SET_CLIENT */;
/*!40101 SET @OLD_CHARACTER_SET_RESULTS=@@CHARACTER_SET_RESULTS */;
/*!40101 SET @OLD_COLLATION_CONNECTION=@@COLLATION_CONNECTION */;
/*!40101 SET NAMES utf8 */;
/*!40103 SET @OLD_TIME_ZONE=@@TIME_ZONE */;
/*!40103 SET TIME_ZONE='+00:00' */;
/*!40014 SET @OLD_UNIQUE_CHECKS=@@UNIQUE_CHECKS, UNIQUE_CHECKS=0 */;
/*!40014 SET @OLD_FOREIGN_KEY_CHECKS=@@FOREIGN_KEY_CHECKS, FOREIGN_KEY_CHECKS=0 */;
/*!40101 SET @OLD_SQL_MODE=@@SQL_MODE, SQL_MODE='NO_AUTO_VALUE_ON_ZERO' */;
/*!40111 SET @OLD_SQL_NOTES=@@SQL_NOTES, SQL_NOTES=0 */;

--
-- Table structure for table `auth_group`
--

DROP TABLE IF EXISTS `auth_group`;
/*!40101 SET @saved_cs_client     = @@character_set_client */;
/*!40101 SET character_set_client = utf8 */;
CREATE TABLE `auth_group` (
  `id` int(11) NOT NULL AUTO_INCREMENT,
  `name` varchar(80) NOT NULL,
  PRIMARY KEY (`id`),
  UNIQUE KEY `name` (`name`)
) ENGINE=InnoDB DEFAULT CHARSET=latin1;
/*!40101 SET character_set_client = @saved_cs_client */;

--
-- Dumping data for table `auth_group`
--

LOCK TABLES `auth_group` WRITE;
/*!40000 ALTER TABLE `auth_group` DISABLE KEYS */;
/*!40000 ALTER TABLE `auth_group` ENABLE KEYS */;
UNLOCK TABLES;

--
-- Table structure for table `auth_group_permissions`
--

DROP TABLE IF EXISTS `auth_group_permissions`;
/*!40101 SET @saved_cs_client     = @@character_set_client */;
/*!40101 SET character_set_client = utf8 */;
CREATE TABLE `auth_group_permissions` (
  `id` int(11) NOT NULL AUTO_INCREMENT,
  `group_id` int(11) NOT NULL,
  `permission_id` int(11) NOT NULL,
  PRIMARY KEY (`id`),
  UNIQUE KEY `auth_group_permissions_group_id_permission_id_0cd325b0_uniq` (`group_id`,`permission_id`),
  KEY `auth_group_permissio_permission_id_84c5c92e_fk_auth_perm` (`permission_id`),
  CONSTRAINT `auth_group_permissio_permission_id_84c5c92e_fk_auth_perm` FOREIGN KEY (`permission_id`) REFERENCES `auth_permission` (`id`),
  CONSTRAINT `auth_group_permissions_group_id_b120cbf9_fk_auth_group_id` FOREIGN KEY (`group_id`) REFERENCES `auth_group` (`id`)
) ENGINE=InnoDB DEFAULT CHARSET=latin1;
/*!40101 SET character_set_client = @saved_cs_client */;

--
-- Dumping data for table `auth_group_permissions`
--

LOCK TABLES `auth_group_permissions` WRITE;
/*!40000 ALTER TABLE `auth_group_permissions` DISABLE KEYS */;
/*!40000 ALTER TABLE `auth_group_permissions` ENABLE KEYS */;
UNLOCK TABLES;

--
-- Table structure for table `auth_permission`
--

DROP TABLE IF EXISTS `auth_permission`;
/*!40101 SET @saved_cs_client     = @@character_set_client */;
/*!40101 SET character_set_client = utf8 */;
CREATE TABLE `auth_permission` (
  `id` int(11) NOT NULL AUTO_INCREMENT,
  `name` varchar(255) NOT NULL,
  `content_type_id` int(11) NOT NULL,
  `codename` varchar(100) NOT NULL,
  PRIMARY KEY (`id`),
  UNIQUE KEY `auth_permission_content_type_id_codename_01ab375a_uniq` (`content_type_id`,`codename`),
  CONSTRAINT `auth_permission_content_type_id_2f476e4b_fk_django_co` FOREIGN KEY (`content_type_id`) REFERENCES `django_content_type` (`id`)
) ENGINE=InnoDB AUTO_INCREMENT=93 DEFAULT CHARSET=latin1;
/*!40101 SET character_set_client = @saved_cs_client */;

--
-- Dumping data for table `auth_permission`
--

LOCK TABLES `auth_permission` WRITE;
/*!40000 ALTER TABLE `auth_permission` DISABLE KEYS */;
INSERT INTO `auth_permission` VALUES (1,'Can add log entry',1,'add_logentry'),(2,'Can change log entry',1,'change_logentry'),(3,'Can delete log entry',1,'delete_logentry'),(4,'Can view log entry',1,'view_logentry'),(5,'Can add permission',2,'add_permission'),(6,'Can change permission',2,'change_permission'),(7,'Can delete permission',2,'delete_permission'),(8,'Can view permission',2,'view_permission'),(9,'Can add group',3,'add_group'),(10,'Can change group',3,'change_group'),(11,'Can delete group',3,'delete_group'),(12,'Can view group',3,'view_group'),(13,'Can add user',4,'add_user'),(14,'Can change user',4,'change_user'),(15,'Can delete user',4,'delete_user'),(16,'Can view user',4,'view_user'),(17,'Can add content type',5,'add_contenttype'),(18,'Can change content type',5,'change_contenttype'),(19,'Can delete content type',5,'delete_contenttype'),(20,'Can view content type',5,'view_contenttype'),(21,'Can add session',6,'add_session'),(22,'Can change session',6,'change_session'),(23,'Can delete session',6,'delete_session'),(24,'Can view session',6,'view_session'),(25,'Can add device info',7,'add_deviceinfo'),(26,'Can change device info',7,'change_deviceinfo'),(27,'Can delete device info',7,'delete_deviceinfo'),(28,'Can view device info',7,'view_deviceinfo'),(29,'Can add execute',8,'add_execute'),(30,'Can change execute',8,'change_execute'),(31,'Can delete execute',8,'delete_execute'),(32,'Can view execute',8,'view_execute'),(33,'Can add open ports',9,'add_openports'),(34,'Can change open ports',9,'change_openports'),(35,'Can delete open ports',9,'delete_openports'),(36,'Can view open ports',9,'view_openports'),(37,'Can add process info',10,'add_processinfo'),(38,'Can change process info',10,'change_processinfo'),(39,'Can delete process info',10,'delete_processinfo'),(40,'Can view process info',10,'view_processinfo'),(41,'Can add services info',11,'add_servicesinfo'),(42,'Can change services info',11,'change_servicesinfo'),(43,'Can delete services info',11,'delete_servicesinfo'),(44,'Can view services info',11,'view_servicesinfo'),(45,'Can add token',12,'add_token'),(46,'Can change token',12,'change_token'),(47,'Can delete token',12,'delete_token'),(48,'Can view token',12,'view_token'),(49,'Can add token store',13,'add_tokenstore'),(50,'Can change token store',13,'change_tokenstore'),(51,'Can delete token store',13,'delete_tokenstore'),(52,'Can view token store',13,'view_tokenstore'),(53,'Can add netflow',14,'add_netflow'),(54,'Can change netflow',14,'change_netflow'),(55,'Can delete netflow',14,'delete_netflow'),(56,'Can view netflow',14,'view_netflow'),(57,'Can add topology bridge',15,'add_topologybridge'),(58,'Can change topology bridge',15,'change_topologybridge'),(59,'Can delete topology bridge',15,'delete_topologybridge'),(60,'Can view topology bridge',15,'view_topologybridge'),(61,'Can add topology devices',16,'add_topologydevices'),(62,'Can change topology devices',16,'change_topologydevices'),(63,'Can delete topology devices',16,'delete_topologydevices'),(64,'Can view topology devices',16,'view_topologydevices'),(65,'Can add topology hardware',17,'add_topologyhardware'),(66,'Can change topology hardware',17,'change_topologyhardware'),(67,'Can delete topology hardware',17,'delete_topologyhardware'),(68,'Can view topology hardware',17,'view_topologyhardware'),(69,'Can add topology ssh',18,'add_topologyssh'),(70,'Can change topology ssh',18,'change_topologyssh'),(71,'Can delete topology ssh',18,'delete_topologyssh'),(72,'Can view topology ssh',18,'view_topologyssh'),(73,'Can add netflow v',19,'add_netflowv'),(74,'Can change netflow v',19,'change_netflowv'),(75,'Can delete netflow v',19,'delete_netflowv'),(76,'Can view netflow v',19,'view_netflowv'),(77,'Can add completed task',20,'add_completedtask'),(78,'Can change completed task',20,'change_completedtask'),(79,'Can delete completed task',20,'delete_completedtask'),(80,'Can view completed task',20,'view_completedtask'),(81,'Can add task',21,'add_task'),(82,'Can change task',21,'change_task'),(83,'Can delete task',21,'delete_task'),(84,'Can view task',21,'view_task'),(85,'Can add network port scanner',22,'add_networkportscanner'),(86,'Can change network port scanner',22,'change_networkportscanner'),(87,'Can delete network port scanner',22,'delete_networkportscanner'),(88,'Can view network port scanner',22,'view_networkportscanner'),(89,'Can add network sniffer scanner',23,'add_networksnifferscanner'),(90,'Can change network sniffer scanner',23,'change_networksnifferscanner'),(91,'Can delete network sniffer scanner',23,'delete_networksnifferscanner'),(92,'Can view network sniffer scanner',23,'view_networksnifferscanner');
/*!40000 ALTER TABLE `auth_permission` ENABLE KEYS */;
UNLOCK TABLES;

--
-- Table structure for table `auth_user`
--

DROP TABLE IF EXISTS `auth_user`;
/*!40101 SET @saved_cs_client     = @@character_set_client */;
/*!40101 SET character_set_client = utf8 */;
CREATE TABLE `auth_user` (
  `id` int(11) NOT NULL AUTO_INCREMENT,
  `password` varchar(128) NOT NULL,
  `last_login` datetime(6) DEFAULT NULL,
  `is_superuser` tinyint(1) NOT NULL,
  `username` varchar(150) NOT NULL,
  `first_name` varchar(30) NOT NULL,
  `last_name` varchar(150) NOT NULL,
  `email` varchar(254) NOT NULL,
  `is_staff` tinyint(1) NOT NULL,
  `is_active` tinyint(1) NOT NULL,
  `date_joined` datetime(6) NOT NULL,
  PRIMARY KEY (`id`),
  UNIQUE KEY `username` (`username`)
) ENGINE=InnoDB AUTO_INCREMENT=3 DEFAULT CHARSET=latin1;
/*!40101 SET character_set_client = @saved_cs_client */;

--
-- Dumping data for table `auth_user`
--

LOCK TABLES `auth_user` WRITE;
/*!40000 ALTER TABLE `auth_user` DISABLE KEYS */;
INSERT INTO `auth_user` VALUES (1,'pbkdf2_sha256$120000$Ugv2oO3ec4jb$ycFD/a4OF8IP3ajQ0CqEjldfyeajtICvcaMcfMYVqac=','2019-04-10 06:30:14.429380',1,'osama','','','osamac@outlook.com',1,1,'2019-03-24 08:40:06.108176'),(2,'pbkdf2_sha256$120000$RQy4GxjwAe8m$GiyKDdw+Fjc1oWJjvOXSlGaHPjQZfYmcz5QyyoQHWXU=','2019-04-06 02:22:31.000000',1,'sudo','Sudo','Random','osamac@outlook.com',1,1,'2019-04-06 02:21:33.000000');
/*!40000 ALTER TABLE `auth_user` ENABLE KEYS */;
UNLOCK TABLES;

--
-- Table structure for table `auth_user_groups`
--

DROP TABLE IF EXISTS `auth_user_groups`;
/*!40101 SET @saved_cs_client     = @@character_set_client */;
/*!40101 SET character_set_client = utf8 */;
CREATE TABLE `auth_user_groups` (
  `id` int(11) NOT NULL AUTO_INCREMENT,
  `user_id` int(11) NOT NULL,
  `group_id` int(11) NOT NULL,
  PRIMARY KEY (`id`),
  UNIQUE KEY `auth_user_groups_user_id_group_id_94350c0c_uniq` (`user_id`,`group_id`),
  KEY `auth_user_groups_group_id_97559544_fk_auth_group_id` (`group_id`),
  CONSTRAINT `auth_user_groups_group_id_97559544_fk_auth_group_id` FOREIGN KEY (`group_id`) REFERENCES `auth_group` (`id`),
  CONSTRAINT `auth_user_groups_user_id_6a12ed8b_fk_auth_user_id` FOREIGN KEY (`user_id`) REFERENCES `auth_user` (`id`)
) ENGINE=InnoDB DEFAULT CHARSET=latin1;
/*!40101 SET character_set_client = @saved_cs_client */;

--
-- Dumping data for table `auth_user_groups`
--

LOCK TABLES `auth_user_groups` WRITE;
/*!40000 ALTER TABLE `auth_user_groups` DISABLE KEYS */;
/*!40000 ALTER TABLE `auth_user_groups` ENABLE KEYS */;
UNLOCK TABLES;

--
-- Table structure for table `auth_user_user_permissions`
--

DROP TABLE IF EXISTS `auth_user_user_permissions`;
/*!40101 SET @saved_cs_client     = @@character_set_client */;
/*!40101 SET character_set_client = utf8 */;
CREATE TABLE `auth_user_user_permissions` (
  `id` int(11) NOT NULL AUTO_INCREMENT,
  `user_id` int(11) NOT NULL,
  `permission_id` int(11) NOT NULL,
  PRIMARY KEY (`id`),
  UNIQUE KEY `auth_user_user_permissions_user_id_permission_id_14a6b632_uniq` (`user_id`,`permission_id`),
  KEY `auth_user_user_permi_permission_id_1fbb5f2c_fk_auth_perm` (`permission_id`),
  CONSTRAINT `auth_user_user_permi_permission_id_1fbb5f2c_fk_auth_perm` FOREIGN KEY (`permission_id`) REFERENCES `auth_permission` (`id`),
  CONSTRAINT `auth_user_user_permissions_user_id_a95ead1b_fk_auth_user_id` FOREIGN KEY (`user_id`) REFERENCES `auth_user` (`id`)
) ENGINE=InnoDB AUTO_INCREMENT=93 DEFAULT CHARSET=latin1;
/*!40101 SET character_set_client = @saved_cs_client */;

--
-- Dumping data for table `auth_user_user_permissions`
--

LOCK TABLES `auth_user_user_permissions` WRITE;
/*!40000 ALTER TABLE `auth_user_user_permissions` DISABLE KEYS */;
INSERT INTO `auth_user_user_permissions` VALUES (1,2,1),(2,2,2),(3,2,3),(4,2,4),(5,2,5),(6,2,6),(7,2,7),(8,2,8),(9,2,9),(10,2,10),(11,2,11),(12,2,12),(13,2,13),(14,2,14),(15,2,15),(16,2,16),(17,2,17),(18,2,18),(19,2,19),(20,2,20),(21,2,21),(22,2,22),(23,2,23),(24,2,24),(25,2,25),(26,2,26),(27,2,27),(28,2,28),(29,2,29),(30,2,30),(31,2,31),(32,2,32),(33,2,33),(34,2,34),(35,2,35),(36,2,36),(37,2,37),(38,2,38),(39,2,39),(40,2,40),(41,2,41),(42,2,42),(43,2,43),(44,2,44),(45,2,45),(46,2,46),(47,2,47),(48,2,48),(49,2,49),(50,2,50),(51,2,51),(52,2,52),(53,2,53),(54,2,54),(55,2,55),(56,2,56),(57,2,57),(58,2,58),(59,2,59),(60,2,60),(61,2,61),(62,2,62),(63,2,63),(64,2,64),(65,2,65),(66,2,66),(67,2,67),(68,2,68),(69,2,69),(70,2,70),(71,2,71),(72,2,72),(73,2,73),(74,2,74),(75,2,75),(76,2,76),(77,2,77),(78,2,78),(79,2,79),(80,2,80),(81,2,81),(82,2,82),(83,2,83),(84,2,84),(85,2,85),(86,2,86),(87,2,87),(88,2,88),(89,2,89),(90,2,90),(91,2,91),(92,2,92);
/*!40000 ALTER TABLE `auth_user_user_permissions` ENABLE KEYS */;
UNLOCK TABLES;

--
-- Table structure for table `background_task`
--

DROP TABLE IF EXISTS `background_task`;
/*!40101 SET @saved_cs_client     = @@character_set_client */;
/*!40101 SET character_set_client = utf8 */;
CREATE TABLE `background_task` (
  `id` int(11) NOT NULL AUTO_INCREMENT,
  `task_name` varchar(190) NOT NULL,
  `task_params` longtext NOT NULL,
  `task_hash` varchar(40) NOT NULL,
  `verbose_name` varchar(255) DEFAULT NULL,
  `priority` int(11) NOT NULL,
  `run_at` datetime(6) NOT NULL,
  `repeat` bigint(20) NOT NULL,
  `repeat_until` datetime(6) DEFAULT NULL,
  `queue` varchar(190) DEFAULT NULL,
  `attempts` int(11) NOT NULL,
  `failed_at` datetime(6) DEFAULT NULL,
  `last_error` longtext NOT NULL,
  `locked_by` varchar(64) DEFAULT NULL,
  `locked_at` datetime(6) DEFAULT NULL,
  `creator_object_id` int(10) unsigned DEFAULT NULL,
  `creator_content_type_id` int(11) DEFAULT NULL,
  PRIMARY KEY (`id`),
  KEY `background_task_creator_content_type_61cc9af3_fk_django_co` (`creator_content_type_id`),
  KEY `background_task_task_name_4562d56a` (`task_name`),
  KEY `background_task_task_hash_d8f233bd` (`task_hash`),
  KEY `background_task_priority_88bdbce9` (`priority`),
  KEY `background_task_run_at_7baca3aa` (`run_at`),
  KEY `background_task_queue_1d5f3a40` (`queue`),
  KEY `background_task_attempts_a9ade23d` (`attempts`),
  KEY `background_task_failed_at_b81bba14` (`failed_at`),
  KEY `background_task_locked_by_db7779e3` (`locked_by`),
  KEY `background_task_locked_at_0fb0f225` (`locked_at`),
  CONSTRAINT `background_task_creator_content_type_61cc9af3_fk_django_co` FOREIGN KEY (`creator_content_type_id`) REFERENCES `django_content_type` (`id`)
) ENGINE=InnoDB AUTO_INCREMENT=363 DEFAULT CHARSET=latin1;
/*!40101 SET character_set_client = @saved_cs_client */;

--
-- Dumping data for table `background_task`
--

LOCK TABLES `background_task` WRITE;
/*!40000 ALTER TABLE `background_task` DISABLE KEYS */;
INSERT INTO `background_task` VALUES (362,'BackgroundJobs.tasks.TopologyMapping','[[], {}]','f846a6eeccda5b30ea1deaab09282d6d0b8b9a43',NULL,0,'2019-04-11 12:33:12.115596',120,NULL,NULL,0,NULL,'',NULL,NULL,NULL,NULL);
/*!40000 ALTER TABLE `background_task` ENABLE KEYS */;
UNLOCK TABLES;

--
-- Table structure for table `background_task_completedtask`
--

DROP TABLE IF EXISTS `background_task_completedtask`;
/*!40101 SET @saved_cs_client     = @@character_set_client */;
/*!40101 SET character_set_client = utf8 */;
CREATE TABLE `background_task_completedtask` (
  `id` int(11) NOT NULL AUTO_INCREMENT,
  `task_name` varchar(190) NOT NULL,
  `task_params` longtext NOT NULL,
  `task_hash` varchar(40) NOT NULL,
  `verbose_name` varchar(255) DEFAULT NULL,
  `priority` int(11) NOT NULL,
  `run_at` datetime(6) NOT NULL,
  `repeat` bigint(20) NOT NULL,
  `repeat_until` datetime(6) DEFAULT NULL,
  `queue` varchar(190) DEFAULT NULL,
  `attempts` int(11) NOT NULL,
  `failed_at` datetime(6) DEFAULT NULL,
  `last_error` longtext NOT NULL,
  `locked_by` varchar(64) DEFAULT NULL,
  `locked_at` datetime(6) DEFAULT NULL,
  `creator_object_id` int(10) unsigned DEFAULT NULL,
  `creator_content_type_id` int(11) DEFAULT NULL,
  PRIMARY KEY (`id`),
  KEY `background_task_comp_creator_content_type_21d6a741_fk_django_co` (`creator_content_type_id`),
  KEY `background_task_completedtask_task_name_388dabc2` (`task_name`),
  KEY `background_task_completedtask_task_hash_91187576` (`task_hash`),
  KEY `background_task_completedtask_priority_9080692e` (`priority`),
  KEY `background_task_completedtask_run_at_77c80f34` (`run_at`),
  KEY `background_task_completedtask_queue_61fb0415` (`queue`),
  KEY `background_task_completedtask_attempts_772a6783` (`attempts`),
  KEY `background_task_completedtask_failed_at_3de56618` (`failed_at`),
  KEY `background_task_completedtask_locked_by_edc8a213` (`locked_by`),
  KEY `background_task_completedtask_locked_at_29c62708` (`locked_at`),
  CONSTRAINT `background_task_comp_creator_content_type_21d6a741_fk_django_co` FOREIGN KEY (`creator_content_type_id`) REFERENCES `django_content_type` (`id`)
) ENGINE=InnoDB AUTO_INCREMENT=399 DEFAULT CHARSET=latin1;
/*!40101 SET character_set_client = @saved_cs_client */;

--
-- Dumping data for table `background_task_completedtask`
--

LOCK TABLES `background_task_completedtask` WRITE;
/*!40000 ALTER TABLE `background_task_completedtask` DISABLE KEYS */;
INSERT INTO `background_task_completedtask` VALUES (1,'BackgroundJobs.tasks.demo_job','[[], {}]','8dc7bea7f51bddf5a9362991b2de7645a23fc986',NULL,0,'2019-03-30 19:59:57.544400',0,NULL,NULL,3,NULL,'Traceback (most recent call last):\n  File \"C:\\Users\\osama\\AppData\\Local\\Programs\\Python\\Python37-32\\lib\\site-packages\\background_task\\tasks.py\", line 43, in bg_runner\n    func(*args, **kwargs)\n  File \"C:\\Users\\osama\\PycharmProjects\\MIBServer\\BackgroundJobs\\tasks.py\", line 8, in demo_job\n    logger.log(\"Task Done...\")\nTypeError: log() missing 1 required positional argument: \'msg\'\n','14516','2019-03-30 19:59:57.397725',NULL,NULL),(2,'BackgroundJobs.tasks.demo_job','[[], {}]','8dc7bea7f51bddf5a9362991b2de7645a23fc986',NULL,0,'2019-03-30 19:59:57.656856',0,NULL,NULL,3,NULL,'Traceback (most recent call last):\n  File \"C:\\Users\\osama\\AppData\\Local\\Programs\\Python\\Python37-32\\lib\\site-packages\\background_task\\tasks.py\", line 43, in bg_runner\n    func(*args, **kwargs)\n  File \"C:\\Users\\osama\\PycharmProjects\\MIBServer\\BackgroundJobs\\tasks.py\", line 8, in demo_job\n    logger.log(\"Task Done...\")\nTypeError: log() missing 1 required positional argument: \'msg\'\n','14516','2019-03-30 19:59:57.527318',NULL,NULL),(3,'BackgroundJobs.tasks.demo_job','[[], {}]','8dc7bea7f51bddf5a9362991b2de7645a23fc986',NULL,0,'2019-03-30 20:00:07.919062',0,NULL,NULL,1,NULL,'','14516','2019-03-30 20:00:07.705531',NULL,NULL),(4,'BackgroundJobs.tasks.demo_job','[[], {}]','8dc7bea7f51bddf5a9362991b2de7645a23fc986',NULL,0,'2019-03-30 20:03:14.218811',0,NULL,NULL,1,NULL,'','2224','2019-03-30 20:03:14.070238',NULL,NULL),(5,'BackgroundJobs.tasks.demo_job','[[], {}]','8dc7bea7f51bddf5a9362991b2de7645a23fc986',NULL,0,'2019-03-30 20:23:22.367636',0,NULL,NULL,1,NULL,'','13456','2019-03-30 20:23:22.205233',NULL,NULL),(6,'BackgroundJobs.tasks.demo_job','[[], {}]','8dc7bea7f51bddf5a9362991b2de7645a23fc986',NULL,0,'2019-03-30 20:49:05.026465',0,NULL,NULL,1,NULL,'','3316','2019-03-30 20:49:04.838993',NULL,NULL),(7,'BackgroundJobs.tasks.demo_job','[[], {}]','8dc7bea7f51bddf5a9362991b2de7645a23fc986',NULL,0,'2019-03-30 20:49:05.159702',0,NULL,NULL,1,NULL,'','3316','2019-03-30 20:49:05.014493',NULL,NULL),(8,'BackgroundJobs.tasks.demo_job','[[], {}]','8dc7bea7f51bddf5a9362991b2de7645a23fc986',NULL,0,'2019-03-30 20:49:05.314644',0,NULL,NULL,1,NULL,'','3316','2019-03-30 20:49:05.199468',NULL,NULL),(9,'BackgroundJobs.tasks.demo_job','[[], {}]','8dc7bea7f51bddf5a9362991b2de7645a23fc986',NULL,0,'2019-03-30 20:49:05.426470',0,NULL,NULL,1,NULL,'','3316','2019-03-30 20:49:05.295632',NULL,NULL),(10,'BackgroundJobs.tasks.demo_job','[[], {}]','8dc7bea7f51bddf5a9362991b2de7645a23fc986',NULL,0,'2019-03-30 20:49:05.603169',0,NULL,NULL,1,NULL,'','3316','2019-03-30 20:49:05.429463',NULL,NULL),(11,'BackgroundJobs.tasks.demo_job','[[], {}]','8dc7bea7f51bddf5a9362991b2de7645a23fc986',NULL,0,'2019-03-30 20:49:05.803771',0,NULL,NULL,1,NULL,'','3316','2019-03-30 20:49:05.621160',NULL,NULL),(12,'BackgroundJobs.tasks.demo_job','[[], {}]','8dc7bea7f51bddf5a9362991b2de7645a23fc986',NULL,0,'2019-03-30 20:49:10.972829',0,NULL,NULL,1,NULL,'','3316','2019-03-30 20:49:10.808082',NULL,NULL),(13,'BackgroundJobs.tasks.demo_job','[[], {}]','8dc7bea7f51bddf5a9362991b2de7645a23fc986',NULL,0,'2019-03-30 20:50:11.398116',0,NULL,NULL,1,NULL,'','3316','2019-03-30 20:50:11.231894',NULL,NULL),(14,'BackgroundJobs.tasks.demo_job','[[], {}]','8dc7bea7f51bddf5a9362991b2de7645a23fc986',NULL,0,'2019-03-30 20:50:21.673877',0,NULL,NULL,1,NULL,'','3316','2019-03-30 20:50:21.452634',NULL,NULL),(15,'BackgroundJobs.tasks.demo_job','[[], {}]','8dc7bea7f51bddf5a9362991b2de7645a23fc986',NULL,0,'2019-03-30 20:50:47.049165',0,NULL,NULL,1,NULL,'','10976','2019-03-30 20:50:46.832017',NULL,NULL),(16,'BackgroundJobs.tasks.demo_job','[[], {}]','8dc7bea7f51bddf5a9362991b2de7645a23fc986',NULL,0,'2019-03-30 20:51:37.369045',10,NULL,NULL,1,NULL,'','10976','2019-03-30 20:51:37.190863',NULL,NULL),(17,'BackgroundJobs.tasks.demo_job','[[], {}]','8dc7bea7f51bddf5a9362991b2de7645a23fc986',NULL,0,'2019-03-30 20:51:47.619011',10,NULL,NULL,1,NULL,'','10976','2019-03-30 20:51:47.400961',NULL,NULL),(18,'BackgroundJobs.tasks.demo_job','[[], {}]','8dc7bea7f51bddf5a9362991b2de7645a23fc986',NULL,0,'2019-03-30 20:51:57.803724',10,NULL,NULL,1,NULL,'','10976','2019-03-30 20:51:57.648898',NULL,NULL),(19,'BackgroundJobs.tasks.demo_job','[[], {}]','8dc7bea7f51bddf5a9362991b2de7645a23fc986',NULL,0,'2019-03-30 20:52:08.065154',10,NULL,NULL,1,NULL,'','10976','2019-03-30 20:52:07.858837',NULL,NULL),(20,'BackgroundJobs.tasks.demo_job','[[], {}]','8dc7bea7f51bddf5a9362991b2de7645a23fc986',NULL,0,'2019-03-30 20:52:18.307890',10,NULL,NULL,1,NULL,'','10976','2019-03-30 20:52:18.107543',NULL,NULL),(21,'BackgroundJobs.tasks.demo_job','[[], {}]','8dc7bea7f51bddf5a9362991b2de7645a23fc986',NULL,0,'2019-03-30 20:52:28.501964',10,NULL,NULL,1,NULL,'','10976','2019-03-30 20:52:28.379292',NULL,NULL),(22,'BackgroundJobs.tasks.demo_job','[[], {}]','8dc7bea7f51bddf5a9362991b2de7645a23fc986',NULL,0,'2019-03-30 20:52:38.788387',10,NULL,NULL,1,NULL,'','10976','2019-03-30 20:52:38.589413',NULL,NULL),(23,'BackgroundJobs.tasks.demo_job','[[], {}]','8dc7bea7f51bddf5a9362991b2de7645a23fc986',NULL,0,'2019-03-30 20:52:48.965933',10,NULL,NULL,1,NULL,'','10976','2019-03-30 20:52:48.736491',NULL,NULL),(24,'BackgroundJobs.tasks.TopologyMapping','[[], {}]','f846a6eeccda5b30ea1deaab09282d6d0b8b9a43',NULL,0,'2019-03-30 21:18:42.194053',10,NULL,NULL,1,NULL,'','12636','2019-03-30 21:18:42.057189',NULL,NULL),(25,'BackgroundJobs.tasks.TopologyMapping','[[], {}]','f846a6eeccda5b30ea1deaab09282d6d0b8b9a43',NULL,0,'2019-03-30 21:19:23.746010',10,NULL,NULL,1,NULL,'','1508','2019-03-30 21:19:23.471207',NULL,NULL),(26,'BackgroundJobs.tasks.TopologyMapping','[[], {}]','f846a6eeccda5b30ea1deaab09282d6d0b8b9a43',NULL,0,'2019-03-30 21:19:34.030358',10,NULL,NULL,1,NULL,'','1508','2019-03-30 21:19:33.763351',NULL,NULL),(27,'BackgroundJobs.tasks.TopologyMapping','[[], {}]','f846a6eeccda5b30ea1deaab09282d6d0b8b9a43',NULL,0,'2019-03-30 21:19:44.334055',10,NULL,NULL,1,NULL,'','1508','2019-03-30 21:19:44.005575',NULL,NULL),(28,'BackgroundJobs.tasks.TopologyMapping','[[], {}]','f846a6eeccda5b30ea1deaab09282d6d0b8b9a43',NULL,0,'2019-03-30 21:21:19.979961',10,NULL,NULL,1,NULL,'','6436','2019-03-30 21:21:19.820121',NULL,NULL),(29,'BackgroundJobs.tasks.TopologyMapping','[[], {}]','f846a6eeccda5b30ea1deaab09282d6d0b8b9a43',NULL,0,'2019-03-30 21:21:30.272814',10,NULL,NULL,1,NULL,'','6436','2019-03-30 21:21:29.952221',NULL,NULL),(30,'BackgroundJobs.tasks.TopologyMapping','[[], {}]','f846a6eeccda5b30ea1deaab09282d6d0b8b9a43',NULL,0,'2019-03-30 21:21:40.546843',10,NULL,NULL,1,NULL,'','6436','2019-03-30 21:21:40.289537',NULL,NULL),(31,'BackgroundJobs.tasks.TopologyMapping','[[], {}]','f846a6eeccda5b30ea1deaab09282d6d0b8b9a43',NULL,0,'2019-03-30 21:21:50.754748',10,NULL,NULL,1,NULL,'','6436','2019-03-30 21:21:50.565188',NULL,NULL),(32,'BackgroundJobs.tasks.TopologyMapping','[[], {}]','f846a6eeccda5b30ea1deaab09282d6d0b8b9a43',NULL,0,'2019-03-30 21:22:00.963491',10,NULL,NULL,1,NULL,'','6436','2019-03-30 21:22:00.751650',NULL,NULL),(33,'BackgroundJobs.tasks.TopologyMapping','[[], {}]','f846a6eeccda5b30ea1deaab09282d6d0b8b9a43',NULL,0,'2019-03-30 21:22:11.107444',10,NULL,NULL,1,NULL,'','6436','2019-03-30 21:22:10.937736',NULL,NULL),(34,'BackgroundJobs.tasks.TopologyMapping','[[], {}]','f846a6eeccda5b30ea1deaab09282d6d0b8b9a43',NULL,0,'2019-03-30 21:22:37.600756',10,NULL,NULL,1,NULL,'','14332','2019-03-30 21:22:37.390101',NULL,NULL),(35,'BackgroundJobs.tasks.TopologyMapping','[[], {}]','f846a6eeccda5b30ea1deaab09282d6d0b8b9a43',NULL,0,'2019-03-30 21:22:42.671431',10,NULL,NULL,1,NULL,'','14332','2019-03-30 21:22:42.501929',NULL,NULL),(36,'BackgroundJobs.tasks.TopologyMapping','[[], {}]','f846a6eeccda5b30ea1deaab09282d6d0b8b9a43',NULL,0,'2019-03-30 21:22:52.934664',10,NULL,NULL,1,NULL,'','14332','2019-03-30 21:22:52.654865',NULL,NULL),(37,'BackgroundJobs.tasks.TopologyMapping','[[], {}]','f846a6eeccda5b30ea1deaab09282d6d0b8b9a43',NULL,0,'2019-03-30 21:23:03.188852',10,NULL,NULL,1,NULL,'','14332','2019-03-30 21:23:02.890654',NULL,NULL),(38,'BackgroundJobs.tasks.TopologyMapping','[[], {}]','f846a6eeccda5b30ea1deaab09282d6d0b8b9a43',NULL,0,'2019-03-30 21:23:13.272165',10,NULL,NULL,1,NULL,'','14332','2019-03-30 21:23:13.128887',NULL,NULL),(39,'BackgroundJobs.tasks.TopologyMapping','[[], {}]','f846a6eeccda5b30ea1deaab09282d6d0b8b9a43',NULL,0,'2019-03-30 21:23:23.535377',10,NULL,NULL,1,NULL,'','14332','2019-03-30 21:23:23.325939',NULL,NULL),(40,'BackgroundJobs.tasks.TopologyMapping','[[], {}]','f846a6eeccda5b30ea1deaab09282d6d0b8b9a43',NULL,0,'2019-03-30 21:23:33.787287',10,NULL,NULL,1,NULL,'','14332','2019-03-30 21:23:33.584405',NULL,NULL),(41,'BackgroundJobs.tasks.TopologyMapping','[[], {}]','f846a6eeccda5b30ea1deaab09282d6d0b8b9a43',NULL,0,'2019-03-30 21:23:44.029724',10,NULL,NULL,1,NULL,'','14332','2019-03-30 21:23:43.824998',NULL,NULL),(42,'BackgroundJobs.tasks.TopologyMapping','[[], {}]','f846a6eeccda5b30ea1deaab09282d6d0b8b9a43',NULL,0,'2019-03-30 21:23:54.205093',10,NULL,NULL,1,NULL,'','14332','2019-03-30 21:23:54.042524',NULL,NULL),(43,'BackgroundJobs.tasks.TopologyMapping','[[], {}]','f846a6eeccda5b30ea1deaab09282d6d0b8b9a43',NULL,0,'2019-03-30 21:23:59.353675',10,NULL,NULL,1,NULL,'','14332','2019-03-30 21:23:59.182564',NULL,NULL),(44,'BackgroundJobs.tasks.TopologyMapping','[[], {}]','f846a6eeccda5b30ea1deaab09282d6d0b8b9a43',NULL,0,'2019-03-30 21:24:09.638754',10,NULL,NULL,1,NULL,'','14332','2019-03-30 21:24:09.367430',NULL,NULL),(45,'BackgroundJobs.tasks.TopologyMapping','[[], {}]','f846a6eeccda5b30ea1deaab09282d6d0b8b9a43',NULL,0,'2019-03-30 21:24:19.780271',10,NULL,NULL,1,NULL,'','14332','2019-03-30 21:24:19.617053',NULL,NULL),(46,'BackgroundJobs.tasks.TopologyMapping','[[], {}]','f846a6eeccda5b30ea1deaab09282d6d0b8b9a43',NULL,0,'2019-03-30 21:30:23.248306',10,NULL,NULL,1,NULL,'','8056','2019-03-30 21:30:22.981985',NULL,NULL),(47,'BackgroundJobs.tasks.TopologyMapping','[[], {}]','f846a6eeccda5b30ea1deaab09282d6d0b8b9a43',NULL,0,'2019-03-30 21:30:33.522386',10,NULL,NULL,1,NULL,'','8056','2019-03-30 21:30:33.260866',NULL,NULL),(48,'BackgroundJobs.tasks.TopologyMapping','[[], {}]','f846a6eeccda5b30ea1deaab09282d6d0b8b9a43',NULL,0,'2019-03-30 21:30:43.807009',10,NULL,NULL,1,NULL,'','8056','2019-03-30 21:30:43.480810',NULL,NULL),(49,'BackgroundJobs.tasks.PortScanningThread','[[], {}]','1ee68e3e6d98afe47329e3219c4c1e6fc42e78c3',NULL,0,'2019-03-30 21:30:46.082369',200,NULL,NULL,1,NULL,'','8056','2019-03-30 21:30:23.123640',NULL,NULL),(50,'BackgroundJobs.tasks.TopologyMapping','[[], {}]','f846a6eeccda5b30ea1deaab09282d6d0b8b9a43',NULL,0,'2019-03-30 21:30:54.172049',10,NULL,NULL,1,NULL,'','8056','2019-03-30 21:30:53.834388',NULL,NULL),(51,'BackgroundJobs.tasks.TopologyMapping','[[], {}]','f846a6eeccda5b30ea1deaab09282d6d0b8b9a43',NULL,0,'2019-03-30 21:30:59.274805',10,NULL,NULL,1,NULL,'','8056','2019-03-30 21:30:59.025474',NULL,NULL),(52,'BackgroundJobs.tasks.TopologyMapping','[[], {}]','f846a6eeccda5b30ea1deaab09282d6d0b8b9a43',NULL,0,'2019-03-30 21:31:09.394010',10,NULL,NULL,1,NULL,'','8056','2019-03-30 21:31:09.236430',NULL,NULL),(53,'BackgroundJobs.tasks.TopologyMapping','[[], {}]','f846a6eeccda5b30ea1deaab09282d6d0b8b9a43',NULL,0,'2019-03-30 21:31:22.275903',10,NULL,NULL,1,NULL,'','6936','2019-03-30 21:31:22.169187',NULL,NULL),(54,'BackgroundJobs.tasks.TopologyMapping','[[], {}]','f846a6eeccda5b30ea1deaab09282d6d0b8b9a43',NULL,0,'2019-03-30 21:31:32.439303',10,NULL,NULL,1,NULL,'','6936','2019-03-30 21:31:32.336717',NULL,NULL),(55,'BackgroundJobs.tasks.TopologyMapping','[[], {}]','f846a6eeccda5b30ea1deaab09282d6d0b8b9a43',NULL,0,'2019-03-30 21:31:42.646997',10,NULL,NULL,1,NULL,'','6936','2019-03-30 21:31:42.448463',NULL,NULL),(56,'BackgroundJobs.tasks.TopologyMapping','[[], {}]','f846a6eeccda5b30ea1deaab09282d6d0b8b9a43',NULL,0,'2019-03-30 21:31:52.732510',10,NULL,NULL,1,NULL,'','6936','2019-03-30 21:31:52.595876',NULL,NULL),(57,'BackgroundJobs.tasks.TopologyMapping','[[], {}]','f846a6eeccda5b30ea1deaab09282d6d0b8b9a43',NULL,0,'2019-03-30 21:32:02.929338',10,NULL,NULL,1,NULL,'','6936','2019-03-30 21:32:02.700954',NULL,NULL),(58,'BackgroundJobs.tasks.TopologyMapping','[[], {}]','f846a6eeccda5b30ea1deaab09282d6d0b8b9a43',NULL,0,'2019-03-30 21:32:13.071115',10,NULL,NULL,1,NULL,'','6936','2019-03-30 21:32:12.923543',NULL,NULL),(59,'BackgroundJobs.tasks.TopologyMapping','[[], {}]','f846a6eeccda5b30ea1deaab09282d6d0b8b9a43',NULL,0,'2019-03-30 21:32:23.321639',10,NULL,NULL,1,NULL,'','6936','2019-03-30 21:32:23.225897',NULL,NULL),(60,'BackgroundJobs.tasks.TopologyMapping','[[], {}]','f846a6eeccda5b30ea1deaab09282d6d0b8b9a43',NULL,0,'2019-03-30 21:32:33.463428',10,NULL,NULL,1,NULL,'','6936','2019-03-30 21:32:33.315730',NULL,NULL),(61,'BackgroundJobs.tasks.TopologyMapping','[[], {}]','f846a6eeccda5b30ea1deaab09282d6d0b8b9a43',NULL,0,'2019-03-30 21:32:43.737624',10,NULL,NULL,1,NULL,'','6936','2019-03-30 21:32:43.506773',NULL,NULL),(62,'BackgroundJobs.tasks.PortScanningThread','[[], {}]','1ee68e3e6d98afe47329e3219c4c1e6fc42e78c3',NULL,0,'2019-03-30 21:32:53.137317',200,NULL,NULL,1,NULL,'','6936','2019-03-30 21:32:23.049026',NULL,NULL),(63,'BackgroundJobs.tasks.TopologyMapping','[[], {}]','f846a6eeccda5b30ea1deaab09282d6d0b8b9a43',NULL,0,'2019-03-30 21:32:53.901202',10,NULL,NULL,1,NULL,'','6936','2019-03-30 21:32:53.742412',NULL,NULL),(64,'BackgroundJobs.tasks.TopologyMapping','[[], {}]','f846a6eeccda5b30ea1deaab09282d6d0b8b9a43',NULL,0,'2019-03-30 21:33:04.098751',10,NULL,NULL,1,NULL,'','6936','2019-03-30 21:33:03.861370',NULL,NULL),(65,'BackgroundJobs.tasks.TopologyMapping','[[], {}]','f846a6eeccda5b30ea1deaab09282d6d0b8b9a43',NULL,0,'2019-03-30 21:33:09.379568',10,NULL,NULL,1,NULL,'','6936','2019-03-30 21:33:09.156678',NULL,NULL),(66,'BackgroundJobs.tasks.TopologyMapping','[[], {}]','f846a6eeccda5b30ea1deaab09282d6d0b8b9a43',NULL,0,'2019-03-30 21:33:19.577028',10,NULL,NULL,1,NULL,'','6936','2019-03-30 21:33:19.368073',NULL,NULL),(67,'BackgroundJobs.tasks.TopologyMapping','[[], {}]','f846a6eeccda5b30ea1deaab09282d6d0b8b9a43',NULL,0,'2019-03-30 21:33:29.807833',10,NULL,NULL,1,NULL,'','6936','2019-03-30 21:33:29.575169',NULL,NULL),(68,'BackgroundJobs.tasks.TopologyMapping','[[], {}]','f846a6eeccda5b30ea1deaab09282d6d0b8b9a43',NULL,0,'2019-03-30 21:33:39.959533',10,NULL,NULL,1,NULL,'','6936','2019-03-30 21:33:39.788654',NULL,NULL),(69,'BackgroundJobs.tasks.TopologyMapping','[[], {}]','f846a6eeccda5b30ea1deaab09282d6d0b8b9a43',NULL,0,'2019-03-30 21:33:50.122649',10,NULL,NULL,1,NULL,'','6936','2019-03-30 21:33:49.905117',NULL,NULL),(70,'BackgroundJobs.tasks.TopologyMapping','[[], {}]','f846a6eeccda5b30ea1deaab09282d6d0b8b9a43',NULL,0,'2019-03-30 21:34:00.261271',10,NULL,NULL,1,NULL,'','6936','2019-03-30 21:34:00.078759',NULL,NULL),(71,'BackgroundJobs.tasks.TopologyMapping','[[], {}]','f846a6eeccda5b30ea1deaab09282d6d0b8b9a43',NULL,0,'2019-03-30 21:34:10.480620',10,NULL,NULL,1,NULL,'','6936','2019-03-30 21:34:10.272993',NULL,NULL),(72,'BackgroundJobs.tasks.TopologyMapping','[[], {}]','f846a6eeccda5b30ea1deaab09282d6d0b8b9a43',NULL,0,'2019-03-30 21:34:20.678999',10,NULL,NULL,1,NULL,'','6936','2019-03-30 21:34:20.462055',NULL,NULL),(73,'BackgroundJobs.tasks.TopologyMapping','[[], {}]','f846a6eeccda5b30ea1deaab09282d6d0b8b9a43',NULL,0,'2019-03-30 21:34:30.832071',10,NULL,NULL,1,NULL,'','6936','2019-03-30 21:34:30.606610',NULL,NULL),(74,'BackgroundJobs.tasks.TopologyMapping','[[], {}]','f846a6eeccda5b30ea1deaab09282d6d0b8b9a43',NULL,0,'2019-03-30 21:34:41.281924',10,NULL,NULL,1,NULL,'','6936','2019-03-30 21:34:40.866254',NULL,NULL),(75,'BackgroundJobs.tasks.TopologyMapping','[[], {}]','f846a6eeccda5b30ea1deaab09282d6d0b8b9a43',NULL,0,'2019-03-30 21:34:51.299545',10,NULL,NULL,1,NULL,'','6936','2019-03-30 21:34:51.125619',NULL,NULL),(76,'BackgroundJobs.tasks.TopologyMapping','[[], {}]','f846a6eeccda5b30ea1deaab09282d6d0b8b9a43',NULL,0,'2019-03-30 21:35:01.430345',10,NULL,NULL,1,NULL,'','6936','2019-03-30 21:35:01.246340',NULL,NULL),(77,'BackgroundJobs.tasks.TopologyMapping','[[], {}]','f846a6eeccda5b30ea1deaab09282d6d0b8b9a43',NULL,0,'2019-03-30 21:35:11.562884',10,NULL,NULL,1,NULL,'','6936','2019-03-30 21:35:11.398416',NULL,NULL),(78,'BackgroundJobs.tasks.TopologyMapping','[[], {}]','f846a6eeccda5b30ea1deaab09282d6d0b8b9a43',NULL,0,'2019-03-30 21:35:21.804538',10,NULL,NULL,1,NULL,'','6936','2019-03-30 21:35:21.579049',NULL,NULL),(79,'BackgroundJobs.tasks.TopologyMapping','[[], {}]','f846a6eeccda5b30ea1deaab09282d6d0b8b9a43',NULL,0,'2019-03-30 21:35:31.967668',10,NULL,NULL,1,NULL,'','6936','2019-03-30 21:35:31.766157',NULL,NULL),(80,'BackgroundJobs.tasks.TopologyMapping','[[], {}]','f846a6eeccda5b30ea1deaab09282d6d0b8b9a43',NULL,0,'2019-03-30 21:35:42.241109',10,NULL,NULL,1,NULL,'','6936','2019-03-30 21:35:42.106409',NULL,NULL),(81,'BackgroundJobs.tasks.TopologyMapping','[[], {}]','f846a6eeccda5b30ea1deaab09282d6d0b8b9a43',NULL,0,'2019-03-30 21:35:52.449331',10,NULL,NULL,1,NULL,'','6936','2019-03-30 21:35:52.224837',NULL,NULL),(82,'BackgroundJobs.tasks.TopologyMapping','[[], {}]','f846a6eeccda5b30ea1deaab09282d6d0b8b9a43',NULL,0,'2019-03-30 21:36:02.651806',10,NULL,NULL,1,NULL,'','6936','2019-03-30 21:36:02.383398',NULL,NULL),(83,'BackgroundJobs.tasks.PortScanningThread','[[], {}]','1ee68e3e6d98afe47329e3219c4c1e6fc42e78c3',NULL,0,'2019-03-30 21:36:07.317198',200,NULL,NULL,1,NULL,'','6936','2019-03-30 21:35:41.908941',NULL,NULL),(84,'BackgroundJobs.tasks.TopologyMapping','[[], {}]','f846a6eeccda5b30ea1deaab09282d6d0b8b9a43',NULL,0,'2019-03-30 21:36:12.942467',10,NULL,NULL,1,NULL,'','6936','2019-03-30 21:36:12.684314',NULL,NULL),(85,'BackgroundJobs.tasks.TopologyMapping','[[], {}]','f846a6eeccda5b30ea1deaab09282d6d0b8b9a43',NULL,0,'2019-03-30 21:36:23.116362',10,NULL,NULL,1,NULL,'','6936','2019-03-30 21:36:22.946818',NULL,NULL),(86,'BackgroundJobs.tasks.TopologyMapping','[[], {}]','f846a6eeccda5b30ea1deaab09282d6d0b8b9a43',NULL,0,'2019-03-30 21:36:33.364325',10,NULL,NULL,1,NULL,'','6936','2019-03-30 21:36:33.170843',NULL,NULL),(87,'BackgroundJobs.tasks.TopologyMapping','[[], {}]','f846a6eeccda5b30ea1deaab09282d6d0b8b9a43',NULL,0,'2019-03-30 21:36:43.449253',10,NULL,NULL,1,NULL,'','6936','2019-03-30 21:36:43.315615',NULL,NULL),(88,'BackgroundJobs.tasks.TopologyMapping','[[], {}]','f846a6eeccda5b30ea1deaab09282d6d0b8b9a43',NULL,0,'2019-03-30 21:36:53.707426',10,NULL,NULL,1,NULL,'','6936','2019-03-30 21:36:53.507156',NULL,NULL),(89,'BackgroundJobs.tasks.TopologyMapping','[[], {}]','f846a6eeccda5b30ea1deaab09282d6d0b8b9a43',NULL,0,'2019-03-30 21:37:03.959346',10,NULL,NULL,1,NULL,'','6936','2019-03-30 21:37:03.688850',NULL,NULL),(90,'BackgroundJobs.tasks.TopologyMapping','[[], {}]','f846a6eeccda5b30ea1deaab09282d6d0b8b9a43',NULL,0,'2019-03-30 21:37:14.133758',10,NULL,NULL,1,NULL,'','6936','2019-03-30 21:37:13.850222',NULL,NULL),(91,'BackgroundJobs.tasks.TopologyMapping','[[], {}]','f846a6eeccda5b30ea1deaab09282d6d0b8b9a43',NULL,0,'2019-03-30 21:37:19.359516',10,NULL,NULL,1,NULL,'','6936','2019-03-30 21:37:19.117519',NULL,NULL),(92,'BackgroundJobs.tasks.TopologyMapping','[[], {}]','f846a6eeccda5b30ea1deaab09282d6d0b8b9a43',NULL,0,'2019-03-30 21:37:29.683206',10,NULL,NULL,1,NULL,'','6936','2019-03-30 21:37:29.391570',NULL,NULL),(93,'BackgroundJobs.tasks.TopologyMapping','[[], {}]','f846a6eeccda5b30ea1deaab09282d6d0b8b9a43',NULL,0,'2019-03-30 21:37:39.880884',10,NULL,NULL,1,NULL,'','6936','2019-03-30 21:37:39.707591',NULL,NULL),(94,'BackgroundJobs.tasks.TopologyMapping','[[], {}]','f846a6eeccda5b30ea1deaab09282d6d0b8b9a43',NULL,0,'2019-03-30 21:37:50.062418',10,NULL,NULL,1,NULL,'','6936','2019-03-30 21:37:49.861405',NULL,NULL),(95,'BackgroundJobs.tasks.TopologyMapping','[[], {}]','f846a6eeccda5b30ea1deaab09282d6d0b8b9a43',NULL,0,'2019-03-30 21:38:00.314840',10,NULL,NULL,1,NULL,'','6936','2019-03-30 21:38:00.020215',NULL,NULL),(96,'BackgroundJobs.tasks.TopologyMapping','[[], {}]','f846a6eeccda5b30ea1deaab09282d6d0b8b9a43',NULL,0,'2019-03-30 21:38:10.559056',10,NULL,NULL,1,NULL,'','6936','2019-03-30 21:38:10.362778',NULL,NULL),(97,'BackgroundJobs.tasks.TopologyMapping','[[], {}]','f846a6eeccda5b30ea1deaab09282d6d0b8b9a43',NULL,0,'2019-03-30 21:38:20.754933',10,NULL,NULL,1,NULL,'','6936','2019-03-30 21:38:20.519559',NULL,NULL),(98,'BackgroundJobs.tasks.TopologyMapping','[[], {}]','f846a6eeccda5b30ea1deaab09282d6d0b8b9a43',NULL,0,'2019-03-30 21:38:30.974337',10,NULL,NULL,1,NULL,'','6936','2019-03-30 21:38:30.755175',NULL,NULL),(99,'BackgroundJobs.tasks.TopologyMapping','[[], {}]','f846a6eeccda5b30ea1deaab09282d6d0b8b9a43',NULL,0,'2019-03-30 21:38:41.247672',10,NULL,NULL,1,NULL,'','6936','2019-03-30 21:38:40.964530',NULL,NULL),(100,'BackgroundJobs.tasks.TopologyMapping','[[], {}]','f846a6eeccda5b30ea1deaab09282d6d0b8b9a43',NULL,0,'2019-03-30 21:38:51.421970',10,NULL,NULL,1,NULL,'','6936','2019-03-30 21:38:51.261402',NULL,NULL),(101,'BackgroundJobs.tasks.TopologyMapping','[[], {}]','f846a6eeccda5b30ea1deaab09282d6d0b8b9a43',NULL,0,'2019-03-30 21:39:01.707578',10,NULL,NULL,1,NULL,'','6936','2019-03-30 21:39:01.584908',NULL,NULL),(102,'BackgroundJobs.tasks.TopologyMapping','[[], {}]','f846a6eeccda5b30ea1deaab09282d6d0b8b9a43',NULL,0,'2019-03-30 21:39:11.927770',10,NULL,NULL,1,NULL,'','6936','2019-03-30 21:39:11.682317',NULL,NULL),(103,'BackgroundJobs.tasks.TopologyMapping','[[], {}]','f846a6eeccda5b30ea1deaab09282d6d0b8b9a43',NULL,0,'2019-03-30 21:39:22.134494',10,NULL,NULL,1,NULL,'','6936','2019-03-30 21:39:21.913348',NULL,NULL),(104,'BackgroundJobs.tasks.PortScanningThread','[[], {}]','1ee68e3e6d98afe47329e3219c4c1e6fc42e78c3',NULL,0,'2019-03-30 21:39:27.343310',200,NULL,NULL,1,NULL,'','6936','2019-03-30 21:39:01.406344',NULL,NULL),(105,'BackgroundJobs.tasks.TopologyMapping','[[], {}]','f846a6eeccda5b30ea1deaab09282d6d0b8b9a43',NULL,0,'2019-03-30 21:39:32.329799',10,NULL,NULL,1,NULL,'','6936','2019-03-30 21:39:32.097425',NULL,NULL),(106,'BackgroundJobs.tasks.TopologyMapping','[[], {}]','f846a6eeccda5b30ea1deaab09282d6d0b8b9a43',NULL,0,'2019-03-30 21:39:42.571883',10,NULL,NULL,1,NULL,'','6936','2019-03-30 21:39:42.407002',NULL,NULL),(107,'BackgroundJobs.tasks.TopologyMapping','[[], {}]','f846a6eeccda5b30ea1deaab09282d6d0b8b9a43',NULL,0,'2019-03-30 21:39:52.712576',10,NULL,NULL,1,NULL,'','6936','2019-03-30 21:39:52.525081',NULL,NULL),(108,'BackgroundJobs.tasks.TopologyMapping','[[], {}]','f846a6eeccda5b30ea1deaab09282d6d0b8b9a43',NULL,0,'2019-03-30 21:40:03.231220',10,NULL,NULL,1,NULL,'','6936','2019-03-30 21:40:02.750202',NULL,NULL),(109,'BackgroundJobs.tasks.TopologyMapping','[[], {}]','f846a6eeccda5b30ea1deaab09282d6d0b8b9a43',NULL,0,'2019-03-30 21:40:13.393691',10,NULL,NULL,1,NULL,'','6936','2019-03-30 21:40:13.155782',NULL,NULL),(110,'BackgroundJobs.tasks.TopologyMapping','[[], {}]','f846a6eeccda5b30ea1deaab09282d6d0b8b9a43',NULL,0,'2019-03-30 21:40:23.690181',10,NULL,NULL,1,NULL,'','6936','2019-03-30 21:40:23.435171',NULL,NULL),(111,'BackgroundJobs.tasks.TopologyMapping','[[], {}]','f846a6eeccda5b30ea1deaab09282d6d0b8b9a43',NULL,0,'2019-03-30 21:40:33.887151',10,NULL,NULL,1,NULL,'','6936','2019-03-30 21:40:33.591427',NULL,NULL),(112,'BackgroundJobs.tasks.TopologyMapping','[[], {}]','f846a6eeccda5b30ea1deaab09282d6d0b8b9a43',NULL,0,'2019-03-30 21:40:44.216624',10,NULL,NULL,1,NULL,'','6936','2019-03-30 21:40:43.957293',NULL,NULL),(113,'BackgroundJobs.tasks.TopologyMapping','[[], {}]','f846a6eeccda5b30ea1deaab09282d6d0b8b9a43',NULL,0,'2019-03-30 21:40:49.343212',10,NULL,NULL,1,NULL,'','6936','2019-03-30 21:40:49.255109',NULL,NULL),(114,'BackgroundJobs.tasks.TopologyMapping','[[], {}]','f846a6eeccda5b30ea1deaab09282d6d0b8b9a43',NULL,0,'2019-03-30 21:40:59.517553',10,NULL,NULL,1,NULL,'','6936','2019-03-30 21:40:59.351000',NULL,NULL),(115,'BackgroundJobs.tasks.TopologyMapping','[[], {}]','f846a6eeccda5b30ea1deaab09282d6d0b8b9a43',NULL,0,'2019-03-30 21:41:09.736580',10,NULL,NULL,1,NULL,'','6936','2019-03-30 21:41:09.552076',NULL,NULL),(116,'BackgroundJobs.tasks.TopologyMapping','[[], {}]','f846a6eeccda5b30ea1deaab09282d6d0b8b9a43',NULL,0,'2019-03-30 21:41:19.933168',10,NULL,NULL,1,NULL,'','6936','2019-03-30 21:41:19.768610',NULL,NULL),(117,'BackgroundJobs.tasks.TopologyMapping','[[], {}]','f846a6eeccda5b30ea1deaab09282d6d0b8b9a43',NULL,0,'2019-03-30 21:41:30.163047',10,NULL,NULL,1,NULL,'','6936','2019-03-30 21:41:29.975284',NULL,NULL),(118,'BackgroundJobs.tasks.TopologyMapping','[[], {}]','f846a6eeccda5b30ea1deaab09282d6d0b8b9a43',NULL,0,'2019-03-30 21:41:40.392403',10,NULL,NULL,1,NULL,'','6936','2019-03-30 21:41:40.218961',NULL,NULL),(119,'BackgroundJobs.tasks.TopologyMapping','[[], {}]','f846a6eeccda5b30ea1deaab09282d6d0b8b9a43',NULL,0,'2019-03-30 21:41:50.911351',10,NULL,NULL,1,NULL,'','6936','2019-03-30 21:41:50.455266',NULL,NULL),(120,'BackgroundJobs.tasks.TopologyMapping','[[], {}]','f846a6eeccda5b30ea1deaab09282d6d0b8b9a43',NULL,0,'2019-03-30 21:42:01.084016',10,NULL,NULL,1,NULL,'','6936','2019-03-30 21:42:00.920456',NULL,NULL),(121,'BackgroundJobs.tasks.TopologyMapping','[[], {}]','f846a6eeccda5b30ea1deaab09282d6d0b8b9a43',NULL,0,'2019-03-30 21:42:11.271699',10,NULL,NULL,1,NULL,'','6936','2019-03-30 21:42:11.117787',NULL,NULL),(122,'BackgroundJobs.tasks.TopologyMapping','[[], {}]','f846a6eeccda5b30ea1deaab09282d6d0b8b9a43',NULL,0,'2019-03-30 21:42:21.600135',10,NULL,NULL,1,NULL,'','6936','2019-03-30 21:42:21.434580',NULL,NULL),(123,'BackgroundJobs.tasks.TopologyMapping','[[], {}]','f846a6eeccda5b30ea1deaab09282d6d0b8b9a43',NULL,0,'2019-04-10 06:34:53.303351',10,NULL,NULL,1,NULL,'','8588','2019-04-10 06:34:53.018840',NULL,NULL),(124,'BackgroundJobs.tasks.TopologyMapping','[[], {}]','f846a6eeccda5b30ea1deaab09282d6d0b8b9a43',NULL,0,'2019-04-10 06:35:03.453859',10,NULL,NULL,1,NULL,'','8588','2019-04-10 06:35:03.269528',NULL,NULL),(125,'BackgroundJobs.tasks.TopologyMapping','[[], {}]','f846a6eeccda5b30ea1deaab09282d6d0b8b9a43',NULL,0,'2019-04-10 06:35:13.543082',10,NULL,NULL,1,NULL,'','8588','2019-04-10 06:35:13.426394',NULL,NULL),(126,'BackgroundJobs.tasks.TopologyMapping','[[], {}]','f846a6eeccda5b30ea1deaab09282d6d0b8b9a43',NULL,0,'2019-04-10 06:35:23.806221',10,NULL,NULL,1,NULL,'','8588','2019-04-10 06:35:23.562956',NULL,NULL),(127,'BackgroundJobs.tasks.TopologyMapping','[[], {}]','f846a6eeccda5b30ea1deaab09282d6d0b8b9a43',NULL,0,'2019-04-10 06:35:29.270014',10,NULL,NULL,1,NULL,'','8588','2019-04-10 06:35:28.812614',NULL,NULL),(128,'BackgroundJobs.tasks.TopologyMapping','[[], {}]','f846a6eeccda5b30ea1deaab09282d6d0b8b9a43',NULL,0,'2019-04-10 06:35:39.373088',10,NULL,NULL,1,NULL,'','8588','2019-04-10 06:35:39.161653',NULL,NULL),(129,'BackgroundJobs.tasks.TopologyMapping','[[], {}]','f846a6eeccda5b30ea1deaab09282d6d0b8b9a43',NULL,0,'2019-04-10 06:35:49.518636',10,NULL,NULL,1,NULL,'','8588','2019-04-10 06:35:49.356266',NULL,NULL),(130,'BackgroundJobs.tasks.TopologyMapping','[[], {}]','f846a6eeccda5b30ea1deaab09282d6d0b8b9a43',NULL,0,'2019-04-10 06:35:59.904175',10,NULL,NULL,1,NULL,'','8588','2019-04-10 06:35:59.559260',NULL,NULL),(131,'BackgroundJobs.tasks.TopologyMapping','[[], {}]','f846a6eeccda5b30ea1deaab09282d6d0b8b9a43',NULL,0,'2019-04-10 06:36:09.878263',10,NULL,NULL,1,NULL,'','8588','2019-04-10 06:36:09.673458',NULL,NULL),(132,'BackgroundJobs.tasks.TopologyMapping','[[], {}]','f846a6eeccda5b30ea1deaab09282d6d0b8b9a43',NULL,0,'2019-04-10 06:36:20.104804',10,NULL,NULL,1,NULL,'','8588','2019-04-10 06:36:19.896966',NULL,NULL),(133,'BackgroundJobs.tasks.TopologyMapping','[[], {}]','f846a6eeccda5b30ea1deaab09282d6d0b8b9a43',NULL,0,'2019-04-10 06:36:30.390077',10,NULL,NULL,1,NULL,'','8588','2019-04-10 06:36:30.129364',NULL,NULL),(134,'BackgroundJobs.tasks.TopologyMapping','[[], {}]','f846a6eeccda5b30ea1deaab09282d6d0b8b9a43',NULL,0,'2019-04-10 06:36:55.659263',10,NULL,NULL,1,NULL,'','8588','2019-04-10 06:36:55.463642',NULL,NULL),(135,'BackgroundJobs.tasks.TopologyMapping','[[], {}]','f846a6eeccda5b30ea1deaab09282d6d0b8b9a43',NULL,0,'2019-04-10 06:37:05.875967',10,NULL,NULL,1,NULL,'','8588','2019-04-10 06:37:05.654872',NULL,NULL),(136,'BackgroundJobs.tasks.TopologyMapping','[[], {}]','f846a6eeccda5b30ea1deaab09282d6d0b8b9a43',NULL,0,'2019-04-10 06:37:16.242266',10,NULL,NULL,1,NULL,'','8588','2019-04-10 06:37:15.958308',NULL,NULL),(137,'BackgroundJobs.tasks.TopologyMapping','[[], {}]','f846a6eeccda5b30ea1deaab09282d6d0b8b9a43',NULL,0,'2019-04-10 06:37:26.404763',10,NULL,NULL,1,NULL,'','8588','2019-04-10 06:37:26.177984',NULL,NULL),(138,'BackgroundJobs.tasks.TopologyMapping','[[], {}]','f846a6eeccda5b30ea1deaab09282d6d0b8b9a43',NULL,0,'2019-04-10 06:37:36.638624',10,NULL,NULL,1,NULL,'','8588','2019-04-10 06:37:36.404733',NULL,NULL),(139,'BackgroundJobs.tasks.TopologyMapping','[[], {}]','f846a6eeccda5b30ea1deaab09282d6d0b8b9a43',NULL,0,'2019-04-10 06:38:06.893056',10,NULL,NULL,1,NULL,'','8588','2019-04-10 06:38:06.677311',NULL,NULL),(140,'BackgroundJobs.tasks.TopologyMapping','[[], {}]','f846a6eeccda5b30ea1deaab09282d6d0b8b9a43',NULL,0,'2019-04-10 06:38:17.049851',10,NULL,NULL,1,NULL,'','8588','2019-04-10 06:38:16.788096',NULL,NULL),(141,'BackgroundJobs.tasks.TopologyMapping','[[], {}]','f846a6eeccda5b30ea1deaab09282d6d0b8b9a43',NULL,0,'2019-04-10 06:38:27.174201',10,NULL,NULL,1,NULL,'','8588','2019-04-10 06:38:27.017621',NULL,NULL),(142,'BackgroundJobs.tasks.TopologyMapping','[[], {}]','f846a6eeccda5b30ea1deaab09282d6d0b8b9a43',NULL,0,'2019-04-10 06:38:37.421050',10,NULL,NULL,1,NULL,'','8588','2019-04-10 06:38:37.205433',NULL,NULL),(143,'BackgroundJobs.tasks.TopologyMapping','[[], {}]','f846a6eeccda5b30ea1deaab09282d6d0b8b9a43',NULL,0,'2019-04-10 06:38:47.600855',10,NULL,NULL,1,NULL,'','8588','2019-04-10 06:38:47.393536',NULL,NULL),(144,'BackgroundJobs.tasks.TopologyMapping','[[], {}]','f846a6eeccda5b30ea1deaab09282d6d0b8b9a43',NULL,0,'2019-04-10 06:38:57.764390',10,NULL,NULL,1,NULL,'','8588','2019-04-10 06:38:57.559173',NULL,NULL),(145,'BackgroundJobs.tasks.TopologyMapping','[[], {}]','f846a6eeccda5b30ea1deaab09282d6d0b8b9a43',NULL,0,'2019-04-10 06:39:07.927125',10,NULL,NULL,1,NULL,'','8588','2019-04-10 06:39:07.724589',NULL,NULL),(146,'BackgroundJobs.tasks.TopologyMapping','[[], {}]','f846a6eeccda5b30ea1deaab09282d6d0b8b9a43',NULL,0,'2019-04-10 06:39:18.328203',10,NULL,NULL,1,NULL,'','8588','2019-04-10 06:39:17.888563',NULL,NULL),(147,'BackgroundJobs.tasks.TopologyMapping','[[], {}]','f846a6eeccda5b30ea1deaab09282d6d0b8b9a43',NULL,0,'2019-04-10 06:39:28.421842',10,NULL,NULL,1,NULL,'','8588','2019-04-10 06:39:28.256294',NULL,NULL),(148,'BackgroundJobs.tasks.TopologyMapping','[[], {}]','f846a6eeccda5b30ea1deaab09282d6d0b8b9a43',NULL,0,'2019-04-10 06:39:38.574038',10,NULL,NULL,1,NULL,'','8588','2019-04-10 06:39:38.471973',NULL,NULL),(149,'BackgroundJobs.tasks.TopologyMapping','[[], {}]','f846a6eeccda5b30ea1deaab09282d6d0b8b9a43',NULL,0,'2019-04-10 06:39:48.778385',10,NULL,NULL,1,NULL,'','8588','2019-04-10 06:39:48.558744',NULL,NULL),(150,'BackgroundJobs.tasks.TopologyMapping','[[], {}]','f846a6eeccda5b30ea1deaab09282d6d0b8b9a43',NULL,0,'2019-04-10 06:39:58.959851',10,NULL,NULL,1,NULL,'','8588','2019-04-10 06:39:58.743998',NULL,NULL),(151,'BackgroundJobs.tasks.TopologyMapping','[[], {}]','f846a6eeccda5b30ea1deaab09282d6d0b8b9a43',NULL,0,'2019-04-10 06:40:09.164823',10,NULL,NULL,1,NULL,'','8588','2019-04-10 06:40:08.914458',NULL,NULL),(152,'BackgroundJobs.tasks.TopologyMapping','[[], {}]','f846a6eeccda5b30ea1deaab09282d6d0b8b9a43',NULL,0,'2019-04-10 06:40:14.424084',10,NULL,NULL,1,NULL,'','8588','2019-04-10 06:40:14.149132',NULL,NULL),(153,'BackgroundJobs.tasks.TopologyMapping','[[], {}]','f846a6eeccda5b30ea1deaab09282d6d0b8b9a43',NULL,0,'2019-04-10 06:40:24.676279',10,NULL,NULL,1,NULL,'','8588','2019-04-10 06:40:24.373652',NULL,NULL),(154,'BackgroundJobs.tasks.TopologyMapping','[[], {}]','f846a6eeccda5b30ea1deaab09282d6d0b8b9a43',NULL,0,'2019-04-10 06:40:34.809150',10,NULL,NULL,1,NULL,'','8588','2019-04-10 06:40:34.611343',NULL,NULL),(155,'BackgroundJobs.tasks.TopologyMapping','[[], {}]','f846a6eeccda5b30ea1deaab09282d6d0b8b9a43',NULL,0,'2019-04-10 06:40:44.838763',10,NULL,NULL,1,NULL,'','8588','2019-04-10 06:40:44.734044',NULL,NULL),(156,'BackgroundJobs.tasks.TopologyMapping','[[], {}]','f846a6eeccda5b30ea1deaab09282d6d0b8b9a43',NULL,0,'2019-04-10 06:40:55.056242',10,NULL,NULL,1,NULL,'','8588','2019-04-10 06:40:54.909780',NULL,NULL),(157,'BackgroundJobs.tasks.TopologyMapping','[[], {}]','f846a6eeccda5b30ea1deaab09282d6d0b8b9a43',NULL,0,'2019-04-10 06:41:05.152410',10,NULL,NULL,1,NULL,'','8588','2019-04-10 06:41:05.035721',NULL,NULL),(158,'BackgroundJobs.tasks.TopologyMapping','[[], {}]','f846a6eeccda5b30ea1deaab09282d6d0b8b9a43',NULL,0,'2019-04-10 06:41:15.439870',10,NULL,NULL,1,NULL,'','8588','2019-04-10 06:41:15.300618',NULL,NULL),(159,'BackgroundJobs.tasks.TopologyMapping','[[], {}]','f846a6eeccda5b30ea1deaab09282d6d0b8b9a43',NULL,0,'2019-04-10 06:41:25.601375',10,NULL,NULL,1,NULL,'','8588','2019-04-10 06:41:25.475713',NULL,NULL),(160,'BackgroundJobs.tasks.TopologyMapping','[[], {}]','f846a6eeccda5b30ea1deaab09282d6d0b8b9a43',NULL,0,'2019-04-10 06:41:35.811633',10,NULL,NULL,1,NULL,'','8588','2019-04-10 06:41:35.626386',NULL,NULL),(161,'BackgroundJobs.tasks.TopologyMapping','[[], {}]','f846a6eeccda5b30ea1deaab09282d6d0b8b9a43',NULL,0,'2019-04-10 06:41:45.970147',10,NULL,NULL,1,NULL,'','8588','2019-04-10 06:41:45.808234',NULL,NULL),(162,'BackgroundJobs.tasks.TopologyMapping','[[], {}]','f846a6eeccda5b30ea1deaab09282d6d0b8b9a43',NULL,0,'2019-04-10 06:41:56.162339',10,NULL,NULL,1,NULL,'','8588','2019-04-10 06:41:55.879851',NULL,NULL),(163,'BackgroundJobs.tasks.TopologyMapping','[[], {}]','f846a6eeccda5b30ea1deaab09282d6d0b8b9a43',NULL,0,'2019-04-10 06:42:06.389158',10,NULL,NULL,1,NULL,'','8588','2019-04-10 06:42:06.148667',NULL,NULL),(164,'BackgroundJobs.tasks.TopologyMapping','[[], {}]','f846a6eeccda5b30ea1deaab09282d6d0b8b9a43',NULL,0,'2019-04-10 06:42:16.676961',10,NULL,NULL,1,NULL,'','8588','2019-04-10 06:42:16.399197',NULL,NULL),(165,'BackgroundJobs.tasks.TopologyMapping','[[], {}]','f846a6eeccda5b30ea1deaab09282d6d0b8b9a43',NULL,0,'2019-04-10 06:42:26.826452',10,NULL,NULL,1,NULL,'','8588','2019-04-10 06:42:26.659518',NULL,NULL),(166,'BackgroundJobs.tasks.TopologyMapping','[[], {}]','f846a6eeccda5b30ea1deaab09282d6d0b8b9a43',NULL,0,'2019-04-10 06:42:37.024343',10,NULL,NULL,1,NULL,'','8588','2019-04-10 06:42:36.870587',NULL,NULL),(167,'BackgroundJobs.tasks.TopologyMapping','[[], {}]','f846a6eeccda5b30ea1deaab09282d6d0b8b9a43',NULL,0,'2019-04-10 06:42:47.278595',10,NULL,NULL,1,NULL,'','8588','2019-04-10 06:42:47.025759',NULL,NULL),(168,'BackgroundJobs.tasks.TopologyMapping','[[], {}]','f846a6eeccda5b30ea1deaab09282d6d0b8b9a43',NULL,0,'2019-04-10 06:46:01.210769',50,NULL,NULL,1,NULL,'','8588','2019-04-10 06:46:00.990247',NULL,NULL),(169,'BackgroundJobs.tasks.TopologyMapping','[[], {}]','f846a6eeccda5b30ea1deaab09282d6d0b8b9a43',NULL,0,'2019-04-10 06:46:51.660236',50,NULL,NULL,1,NULL,'','8588','2019-04-10 06:46:51.497672',NULL,NULL),(170,'BackgroundJobs.tasks.TopologyMapping','[[], {}]','f846a6eeccda5b30ea1deaab09282d6d0b8b9a43',NULL,0,'2019-04-10 06:47:40.578774',50,NULL,NULL,1,NULL,'','5144','2019-04-10 06:47:40.299959',NULL,NULL),(171,'BackgroundJobs.tasks.TopologyMapping','[[], {}]','f846a6eeccda5b30ea1deaab09282d6d0b8b9a43',NULL,0,'2019-04-10 06:48:26.591526',50,NULL,NULL,1,NULL,'','12844','2019-04-10 06:48:26.355944',NULL,NULL),(172,'BackgroundJobs.tasks.TopologyMapping','[[], {}]','f846a6eeccda5b30ea1deaab09282d6d0b8b9a43',NULL,0,'2019-04-10 06:49:17.041857',50,NULL,NULL,1,NULL,'','12844','2019-04-10 06:49:16.754515',NULL,NULL),(173,'BackgroundJobs.tasks.TopologyMapping','[[], {}]','f846a6eeccda5b30ea1deaab09282d6d0b8b9a43',NULL,0,'2019-04-10 06:50:07.325878',50,NULL,NULL,1,NULL,'','12844','2019-04-10 06:50:07.076100',NULL,NULL),(175,'BackgroundJobs.tasks.TopologyMapping','[[], {}]','f846a6eeccda5b30ea1deaab09282d6d0b8b9a43',NULL,0,'2019-04-10 06:52:22.366623',50,NULL,NULL,1,NULL,'','10972','2019-04-10 06:52:22.129983',NULL,NULL),(176,'BackgroundJobs.tasks.TopologyMapping','[[], {}]','f846a6eeccda5b30ea1deaab09282d6d0b8b9a43',NULL,0,'2019-04-10 06:53:12.831441',50,NULL,NULL,1,NULL,'','10972','2019-04-10 06:53:12.725475',NULL,NULL),(177,'BackgroundJobs.tasks.TopologyMapping','[[], {}]','f846a6eeccda5b30ea1deaab09282d6d0b8b9a43',NULL,0,'2019-04-10 06:54:03.353879',50,NULL,NULL,1,NULL,'','10972','2019-04-10 06:54:03.136297',NULL,NULL),(178,'BackgroundJobs.tasks.TopologyMapping','[[], {}]','f846a6eeccda5b30ea1deaab09282d6d0b8b9a43',NULL,0,'2019-04-10 06:54:53.622646',50,NULL,NULL,1,NULL,'','10972','2019-04-10 06:54:53.482040',NULL,NULL),(179,'BackgroundJobs.tasks.TopologyMapping','[[], {}]','f846a6eeccda5b30ea1deaab09282d6d0b8b9a43',NULL,0,'2019-04-10 06:58:31.776754',50,NULL,NULL,1,NULL,'','12420','2019-04-10 06:58:31.614230',NULL,NULL),(180,'BackgroundJobs.tasks.TopologyMapping','[[], {}]','f846a6eeccda5b30ea1deaab09282d6d0b8b9a43',NULL,0,'2019-04-10 06:59:22.376014',50,NULL,NULL,1,NULL,'','12420','2019-04-10 06:59:22.235459',NULL,NULL),(181,'BackgroundJobs.tasks.PortScanningThread','[[], {}]','1ee68e3e6d98afe47329e3219c4c1e6fc42e78c3',NULL,0,'2019-04-10 07:00:05.697461',100,NULL,NULL,1,NULL,'','12420','2019-04-10 06:59:22.032348',NULL,NULL),(182,'BackgroundJobs.tasks.TopologyMapping','[[], {}]','f846a6eeccda5b30ea1deaab09282d6d0b8b9a43',NULL,0,'2019-04-10 07:00:12.899108',50,NULL,NULL,1,NULL,'','12420','2019-04-10 07:00:12.648992',NULL,NULL),(183,'BackgroundJobs.tasks.TopologyMapping','[[], {}]','f846a6eeccda5b30ea1deaab09282d6d0b8b9a43',NULL,0,'2019-04-10 07:00:58.343461',50,NULL,NULL,1,NULL,'','12420','2019-04-10 07:00:58.218526',NULL,NULL),(184,'BackgroundJobs.tasks.PortScanningThread','[[], {}]','1ee68e3e6d98afe47329e3219c4c1e6fc42e78c3',NULL,0,'2019-04-10 07:01:41.424921',100,NULL,NULL,1,NULL,'','12420','2019-04-10 07:00:57.999838',NULL,NULL),(185,'BackgroundJobs.tasks.TopologyMapping','[[], {}]','f846a6eeccda5b30ea1deaab09282d6d0b8b9a43',NULL,0,'2019-04-10 07:01:48.704468',50,NULL,NULL,1,NULL,'','12420','2019-04-10 07:01:48.485577',NULL,NULL),(186,'BackgroundJobs.tasks.TopologyMapping','[[], {}]','f846a6eeccda5b30ea1deaab09282d6d0b8b9a43',NULL,0,'2019-04-10 07:02:39.224817',50,NULL,NULL,1,NULL,'','12420','2019-04-10 07:02:39.053019',NULL,NULL),(187,'BackgroundJobs.tasks.PortScanningThread','[[], {}]','1ee68e3e6d98afe47329e3219c4c1e6fc42e78c3',NULL,0,'2019-04-10 07:03:22.449234',100,NULL,NULL,1,NULL,'','12420','2019-04-10 07:02:38.865551',NULL,NULL),(188,'BackgroundJobs.tasks.TopologyMapping','[[], {}]','f846a6eeccda5b30ea1deaab09282d6d0b8b9a43',NULL,0,'2019-04-10 07:03:29.619283',50,NULL,NULL,1,NULL,'','12420','2019-04-10 07:03:29.416153',NULL,NULL),(189,'BackgroundJobs.tasks.TopologyMapping','[[], {}]','f846a6eeccda5b30ea1deaab09282d6d0b8b9a43',NULL,0,'2019-04-10 07:04:20.273859',50,NULL,NULL,1,NULL,'','12420','2019-04-10 07:04:20.086370',NULL,NULL),(190,'BackgroundJobs.tasks.PortScanningThread','[[], {}]','1ee68e3e6d98afe47329e3219c4c1e6fc42e78c3',NULL,0,'2019-04-10 07:05:04.217121',100,NULL,NULL,1,NULL,'','12420','2019-04-10 07:04:19.867696',NULL,NULL),(191,'BackgroundJobs.tasks.TopologyMapping','[[], {}]','f846a6eeccda5b30ea1deaab09282d6d0b8b9a43',NULL,0,'2019-04-10 07:05:10.762611',50,NULL,NULL,1,NULL,'','12420','2019-04-10 07:05:10.465692',NULL,NULL),(192,'BackgroundJobs.tasks.TopologyMapping','[[], {}]','f846a6eeccda5b30ea1deaab09282d6d0b8b9a43',NULL,0,'2019-04-10 07:06:01.203708',50,NULL,NULL,1,NULL,'','12420','2019-04-10 07:06:01.078771',NULL,NULL),(193,'BackgroundJobs.tasks.PortScanningThread','[[], {}]','1ee68e3e6d98afe47329e3219c4c1e6fc42e78c3',NULL,0,'2019-04-10 07:06:44.278706',100,NULL,NULL,1,NULL,'','12420','2019-04-10 07:06:00.938180',NULL,NULL),(194,'BackgroundJobs.tasks.TopologyMapping','[[], {}]','f846a6eeccda5b30ea1deaab09282d6d0b8b9a43',NULL,0,'2019-04-10 07:06:51.776733',50,NULL,NULL,1,NULL,'','12420','2019-04-10 07:06:51.464340',NULL,NULL),(195,'BackgroundJobs.tasks.TopologyMapping','[[], {}]','f846a6eeccda5b30ea1deaab09282d6d0b8b9a43',NULL,0,'2019-04-10 07:07:42.311706',50,NULL,NULL,1,NULL,'','12420','2019-04-10 07:07:42.218005',NULL,NULL),(196,'BackgroundJobs.tasks.PortScanningThread','[[], {}]','1ee68e3e6d98afe47329e3219c4c1e6fc42e78c3',NULL,0,'2019-04-10 07:08:25.385335',100,NULL,NULL,1,NULL,'','12420','2019-04-10 07:07:41.983670',NULL,NULL),(197,'BackgroundJobs.tasks.TopologyMapping','[[], {}]','f846a6eeccda5b30ea1deaab09282d6d0b8b9a43',NULL,0,'2019-04-10 07:08:32.758598',50,NULL,NULL,1,NULL,'','12420','2019-04-10 07:08:32.570942',NULL,NULL),(198,'BackgroundJobs.tasks.TopologyMapping','[[], {}]','f846a6eeccda5b30ea1deaab09282d6d0b8b9a43',NULL,0,'2019-04-10 07:09:18.341442',50,NULL,NULL,1,NULL,'','12420','2019-04-10 07:09:18.153957',NULL,NULL),(199,'BackgroundJobs.tasks.PortScanningThread','[[], {}]','1ee68e3e6d98afe47329e3219c4c1e6fc42e78c3',NULL,0,'2019-04-10 07:10:01.284432',100,NULL,NULL,1,NULL,'','12420','2019-04-10 07:09:17.935264',NULL,NULL),(200,'BackgroundJobs.tasks.TopologyMapping','[[], {}]','f846a6eeccda5b30ea1deaab09282d6d0b8b9a43',NULL,0,'2019-04-10 07:10:08.720394',50,NULL,NULL,1,NULL,'','12420','2019-04-10 07:10:08.517100',NULL,NULL),(201,'BackgroundJobs.tasks.TopologyMapping','[[], {}]','f846a6eeccda5b30ea1deaab09282d6d0b8b9a43',NULL,0,'2019-04-10 07:10:59.144168',50,NULL,NULL,1,NULL,'','12420','2019-04-10 07:10:59.003577',NULL,NULL),(202,'BackgroundJobs.tasks.PortScanningThread','[[], {}]','1ee68e3e6d98afe47329e3219c4c1e6fc42e78c3',NULL,0,'2019-04-10 07:11:45.008592',100,NULL,NULL,1,NULL,'','12420','2019-04-10 07:10:58.878606',NULL,NULL),(203,'BackgroundJobs.tasks.TopologyMapping','[[], {}]','f846a6eeccda5b30ea1deaab09282d6d0b8b9a43',NULL,0,'2019-04-10 07:11:50.116761',50,NULL,NULL,1,NULL,'','12420','2019-04-10 07:11:49.882233',NULL,NULL),(204,'BackgroundJobs.tasks.TopologyMapping','[[], {}]','f846a6eeccda5b30ea1deaab09282d6d0b8b9a43',NULL,0,'2019-04-10 07:12:40.792153',50,NULL,NULL,1,NULL,'','12420','2019-04-10 07:12:40.448457',NULL,NULL),(205,'BackgroundJobs.tasks.TopologyMapping','[[], {}]','f846a6eeccda5b30ea1deaab09282d6d0b8b9a43',NULL,0,'2019-04-10 08:53:38.320386',50,NULL,NULL,1,NULL,'','8616','2019-04-10 08:53:38.179442',NULL,NULL),(206,'BackgroundJobs.tasks.TopologyMapping','[[], {}]','f846a6eeccda5b30ea1deaab09282d6d0b8b9a43',NULL,0,'2019-04-10 08:54:18.741831',50,NULL,NULL,1,NULL,'','8616','2019-04-10 08:54:18.576969',NULL,NULL),(207,'BackgroundJobs.tasks.PortScanningThread','[[], {}]','1ee68e3e6d98afe47329e3219c4c1e6fc42e78c3',NULL,0,'2019-04-10 08:55:05.057704',100,NULL,NULL,1,NULL,'','8616','2019-04-10 08:53:38.086405',NULL,NULL),(208,'BackgroundJobs.tasks.TopologyMapping','[[], {}]','f846a6eeccda5b30ea1deaab09282d6d0b8b9a43',NULL,0,'2019-04-10 08:55:09.193749',50,NULL,NULL,1,NULL,'','8616','2019-04-10 08:55:09.011538',NULL,NULL),(209,'BackgroundJobs.tasks.TopologyMapping','[[], {}]','f846a6eeccda5b30ea1deaab09282d6d0b8b9a43',NULL,0,'2019-04-10 08:55:59.801917',50,NULL,NULL,1,NULL,'','8616','2019-04-10 08:55:59.544321',NULL,NULL),(210,'BackgroundJobs.tasks.PortScanningThread','[[], {}]','1ee68e3e6d98afe47329e3219c4c1e6fc42e78c3',NULL,0,'2019-04-10 08:57:32.276507',100,NULL,NULL,1,NULL,'','8616','2019-04-10 08:55:59.386248',NULL,NULL),(211,'BackgroundJobs.tasks.TopologyMapping','[[], {}]','f846a6eeccda5b30ea1deaab09282d6d0b8b9a43',NULL,0,'2019-04-10 08:58:00.640098',50,NULL,NULL,1,NULL,'','8616','2019-04-10 08:58:00.414033',NULL,NULL),(212,'BackgroundJobs.tasks.TopologyMapping','[[], {}]','f846a6eeccda5b30ea1deaab09282d6d0b8b9a43',NULL,0,'2019-04-10 08:58:51.104185',50,NULL,NULL,1,NULL,'','8616','2019-04-10 08:58:50.936064',NULL,NULL),(213,'BackgroundJobs.tasks.PortScanningThread','[[], {}]','1ee68e3e6d98afe47329e3219c4c1e6fc42e78c3',NULL,0,'2019-04-10 08:59:34.269939',100,NULL,NULL,1,NULL,'','8616','2019-04-10 08:57:40.173140',NULL,NULL),(214,'BackgroundJobs.tasks.TopologyMapping','[[], {}]','f846a6eeccda5b30ea1deaab09282d6d0b8b9a43',NULL,0,'2019-04-10 08:59:41.437156',50,NULL,NULL,1,NULL,'','8616','2019-04-10 08:59:41.277512',NULL,NULL),(215,'BackgroundJobs.tasks.PortScanningThread','[[], {}]','1ee68e3e6d98afe47329e3219c4c1e6fc42e78c3',NULL,0,'2019-04-10 09:00:07.962743',100,NULL,NULL,1,NULL,'','8616','2019-04-10 08:58:50.797743',NULL,NULL),(216,'BackgroundJobs.tasks.TopologyMapping','[[], {}]','f846a6eeccda5b30ea1deaab09282d6d0b8b9a43',NULL,0,'2019-04-10 09:00:27.105527',50,NULL,NULL,1,NULL,'','8616','2019-04-10 09:00:26.743813',NULL,NULL),(217,'BackgroundJobs.tasks.TopologyMapping','[[], {}]','f846a6eeccda5b30ea1deaab09282d6d0b8b9a43',NULL,0,'2019-04-10 09:01:18.436740',50,NULL,NULL,1,NULL,'','8616','2019-04-10 09:01:17.549846',NULL,NULL),(218,'BackgroundJobs.tasks.PortScanningThread','[[], {}]','1ee68e3e6d98afe47329e3219c4c1e6fc42e78c3',NULL,0,'2019-04-10 09:01:47.158023',100,NULL,NULL,1,NULL,'','8616','2019-04-10 09:00:26.611717',NULL,NULL),(219,'BackgroundJobs.tasks.TopologyMapping','[[], {}]','f846a6eeccda5b30ea1deaab09282d6d0b8b9a43',NULL,0,'2019-04-10 09:02:08.224657',50,NULL,NULL,1,NULL,'','8616','2019-04-10 09:02:08.066898',NULL,NULL),(220,'BackgroundJobs.tasks.PortScanningThread','[[], {}]','1ee68e3e6d98afe47329e3219c4c1e6fc42e78c3',NULL,0,'2019-04-10 09:02:23.578606',100,NULL,NULL,1,NULL,'','8616','2019-04-10 09:01:02.189207',NULL,NULL),(221,'BackgroundJobs.tasks.TopologyMapping','[[], {}]','f846a6eeccda5b30ea1deaab09282d6d0b8b9a43',NULL,0,'2019-04-10 09:02:58.733690',50,NULL,NULL,1,NULL,'','8616','2019-04-10 09:02:58.524168',NULL,NULL),(222,'BackgroundJobs.tasks.PortScanningThread','[[], {}]','1ee68e3e6d98afe47329e3219c4c1e6fc42e78c3',NULL,0,'2019-04-10 09:03:38.708635',100,NULL,NULL,1,NULL,'','8616','2019-04-10 09:02:07.899131',NULL,NULL),(223,'BackgroundJobs.tasks.TopologyMapping','[[], {}]','f846a6eeccda5b30ea1deaab09282d6d0b8b9a43',NULL,0,'2019-04-10 09:03:49.341246',50,NULL,NULL,1,NULL,'','8616','2019-04-10 09:03:49.148909',NULL,NULL),(224,'BackgroundJobs.tasks.PortScanningThread','[[], {}]','1ee68e3e6d98afe47329e3219c4c1e6fc42e78c3',NULL,0,'2019-04-10 09:04:11.189381',100,NULL,NULL,1,NULL,'','8616','2019-04-10 09:02:38.256143',NULL,NULL),(225,'BackgroundJobs.tasks.TopologyMapping','[[], {}]','f846a6eeccda5b30ea1deaab09282d6d0b8b9a43',NULL,0,'2019-04-10 09:04:39.861169',50,NULL,NULL,1,NULL,'','8616','2019-04-10 09:04:39.626893',NULL,NULL),(226,'BackgroundJobs.tasks.TopologyMapping','[[], {}]','f846a6eeccda5b30ea1deaab09282d6d0b8b9a43',NULL,0,'2019-04-10 09:40:59.440689',50,NULL,NULL,1,NULL,'','8616','2019-04-10 09:40:58.390090',NULL,NULL),(227,'BackgroundJobs.tasks.TopologyMapping','[[], {}]','f846a6eeccda5b30ea1deaab09282d6d0b8b9a43',NULL,0,'2019-04-10 09:41:19.335594',50,NULL,NULL,1,NULL,'','8616','2019-04-10 09:41:19.073172',NULL,NULL),(228,'BackgroundJobs.tasks.TopologyMapping','[[], {}]','f846a6eeccda5b30ea1deaab09282d6d0b8b9a43',NULL,0,'2019-04-10 09:42:09.966314',50,NULL,NULL,1,NULL,'','8616','2019-04-10 09:42:09.526775',NULL,NULL),(229,'BackgroundJobs.tasks.TopologyMapping','[[], {}]','f846a6eeccda5b30ea1deaab09282d6d0b8b9a43',NULL,0,'2019-04-10 09:43:00.345312',50,NULL,NULL,1,NULL,'','8616','2019-04-10 09:43:00.056890',NULL,NULL),(230,'BackgroundJobs.tasks.TopologyMapping','[[], {}]','f846a6eeccda5b30ea1deaab09282d6d0b8b9a43',NULL,0,'2019-04-10 09:43:50.871337',50,NULL,NULL,1,NULL,'','8616','2019-04-10 09:43:50.547127',NULL,NULL),(231,'BackgroundJobs.tasks.TopologyMapping','[[], {}]','f846a6eeccda5b30ea1deaab09282d6d0b8b9a43',NULL,0,'2019-04-10 09:44:41.205229',50,NULL,NULL,1,NULL,'','8616','2019-04-10 09:44:41.012783',NULL,NULL),(232,'BackgroundJobs.tasks.TopologyMapping','[[], {}]','f846a6eeccda5b30ea1deaab09282d6d0b8b9a43',NULL,0,'2019-04-10 09:45:31.658445',50,NULL,NULL,1,NULL,'','8616','2019-04-10 09:45:31.455457',NULL,NULL),(233,'BackgroundJobs.tasks.TopologyMapping','[[], {}]','f846a6eeccda5b30ea1deaab09282d6d0b8b9a43',NULL,0,'2019-04-10 09:46:16.931465',50,NULL,NULL,1,NULL,'','8616','2019-04-10 09:46:16.764437',NULL,NULL),(234,'BackgroundJobs.tasks.TopologyMapping','[[], {}]','f846a6eeccda5b30ea1deaab09282d6d0b8b9a43',NULL,0,'2019-04-10 09:47:07.512604',50,NULL,NULL,1,NULL,'','8616','2019-04-10 09:47:07.179108',NULL,NULL),(235,'BackgroundJobs.tasks.TopologyMapping','[[], {}]','f846a6eeccda5b30ea1deaab09282d6d0b8b9a43',NULL,0,'2019-04-10 09:47:57.960147',50,NULL,NULL,1,NULL,'','8616','2019-04-10 09:47:57.582439',NULL,NULL),(236,'BackgroundJobs.tasks.TopologyMapping','[[], {}]','f846a6eeccda5b30ea1deaab09282d6d0b8b9a43',NULL,0,'2019-04-10 09:48:48.299061',50,NULL,NULL,1,NULL,'','8616','2019-04-10 09:48:48.075559',NULL,NULL),(237,'BackgroundJobs.tasks.TopologyMapping','[[], {}]','f846a6eeccda5b30ea1deaab09282d6d0b8b9a43',NULL,0,'2019-04-10 09:49:38.715309',50,NULL,NULL,1,NULL,'','8616','2019-04-10 09:49:38.421269',NULL,NULL),(238,'BackgroundJobs.tasks.TopologyMapping','[[], {}]','f846a6eeccda5b30ea1deaab09282d6d0b8b9a43',NULL,0,'2019-04-10 09:50:29.020245',50,NULL,NULL,1,NULL,'','8616','2019-04-10 09:50:28.808023',NULL,NULL),(239,'BackgroundJobs.tasks.TopologyMapping','[[], {}]','f846a6eeccda5b30ea1deaab09282d6d0b8b9a43',NULL,0,'2019-04-10 09:51:19.524786',50,NULL,NULL,1,NULL,'','8616','2019-04-10 09:51:19.201043',NULL,NULL),(240,'BackgroundJobs.tasks.TopologyMapping','[[], {}]','f846a6eeccda5b30ea1deaab09282d6d0b8b9a43',NULL,0,'2019-04-10 09:52:09.916784',50,NULL,NULL,1,NULL,'','8616','2019-04-10 09:52:09.578567',NULL,NULL),(241,'BackgroundJobs.tasks.TopologyMapping','[[], {}]','f846a6eeccda5b30ea1deaab09282d6d0b8b9a43',NULL,0,'2019-04-10 09:53:00.335885',50,NULL,NULL,1,NULL,'','8616','2019-04-10 09:53:00.086628',NULL,NULL),(242,'BackgroundJobs.tasks.TopologyMapping','[[], {}]','f846a6eeccda5b30ea1deaab09282d6d0b8b9a43',NULL,0,'2019-04-10 09:53:50.674489',50,NULL,NULL,1,NULL,'','8616','2019-04-10 09:53:50.411599',NULL,NULL),(243,'BackgroundJobs.tasks.TopologyMapping','[[], {}]','f846a6eeccda5b30ea1deaab09282d6d0b8b9a43',NULL,0,'2019-04-10 09:54:40.930134',50,NULL,NULL,1,NULL,'','8616','2019-04-10 09:54:40.772137',NULL,NULL),(244,'BackgroundJobs.tasks.TopologyMapping','[[], {}]','f846a6eeccda5b30ea1deaab09282d6d0b8b9a43',NULL,0,'2019-04-10 09:55:31.304662',50,NULL,NULL,1,NULL,'','8616','2019-04-10 09:55:31.084327',NULL,NULL),(245,'BackgroundJobs.tasks.TopologyMapping','[[], {}]','f846a6eeccda5b30ea1deaab09282d6d0b8b9a43',NULL,0,'2019-04-10 09:56:21.800671',50,NULL,NULL,1,NULL,'','8616','2019-04-10 09:56:21.538861',NULL,NULL),(246,'BackgroundJobs.tasks.TopologyMapping','[[], {}]','f846a6eeccda5b30ea1deaab09282d6d0b8b9a43',NULL,0,'2019-04-10 09:57:07.145258',50,NULL,NULL,1,NULL,'','8616','2019-04-10 09:57:06.916642',NULL,NULL),(247,'BackgroundJobs.tasks.TopologyMapping','[[], {}]','f846a6eeccda5b30ea1deaab09282d6d0b8b9a43',NULL,0,'2019-04-10 09:57:57.528023',50,NULL,NULL,1,NULL,'','8616','2019-04-10 09:57:57.339621',NULL,NULL),(248,'BackgroundJobs.tasks.TopologyMapping','[[], {}]','f846a6eeccda5b30ea1deaab09282d6d0b8b9a43',NULL,0,'2019-04-10 09:58:48.005943',50,NULL,NULL,1,NULL,'','8616','2019-04-10 09:58:47.784931',NULL,NULL),(249,'BackgroundJobs.tasks.TopologyMapping','[[], {}]','f846a6eeccda5b30ea1deaab09282d6d0b8b9a43',NULL,0,'2019-04-10 10:22:47.106896',50,NULL,NULL,1,NULL,'','8616','2019-04-10 10:22:46.456413',NULL,NULL),(250,'BackgroundJobs.tasks.TopologyMapping','[[], {}]','f846a6eeccda5b30ea1deaab09282d6d0b8b9a43',NULL,0,'2019-04-10 10:22:57.144394',50,NULL,NULL,1,NULL,'','8616','2019-04-10 10:22:56.938087',NULL,NULL),(251,'BackgroundJobs.tasks.PortScanningThread','[[], {}]','1ee68e3e6d98afe47329e3219c4c1e6fc42e78c3',NULL,0,'2019-04-10 10:23:06.012384',100,NULL,NULL,1,NULL,'','8616','2019-04-10 10:22:41.780863',NULL,NULL),(252,'BackgroundJobs.tasks.PortScanningThread','[[], {}]','1ee68e3e6d98afe47329e3219c4c1e6fc42e78c3',NULL,0,'2019-04-10 10:23:06.106299',100,NULL,NULL,1,NULL,'','8616','2019-04-10 10:22:45.479244',NULL,NULL),(253,'BackgroundJobs.tasks.TopologyMapping','[[], {}]','f846a6eeccda5b30ea1deaab09282d6d0b8b9a43',NULL,0,'2019-04-10 10:23:47.412912',50,NULL,NULL,1,NULL,'','8616','2019-04-10 10:23:47.297070',NULL,NULL),(254,'BackgroundJobs.tasks.PortScanningThread','[[], {}]','1ee68e3e6d98afe47329e3219c4c1e6fc42e78c3',NULL,0,'2019-04-10 10:23:55.350393',100,NULL,NULL,1,NULL,'','8616','2019-04-10 10:23:47.197005',NULL,NULL),(255,'BackgroundJobs.tasks.PortScanningThread','[[], {}]','1ee68e3e6d98afe47329e3219c4c1e6fc42e78c3',NULL,0,'2019-04-10 10:24:31.182347',100,NULL,NULL,1,NULL,'','8616','2019-04-10 10:24:22.653618',NULL,NULL),(256,'BackgroundJobs.tasks.TopologyMapping','[[], {}]','f846a6eeccda5b30ea1deaab09282d6d0b8b9a43',NULL,0,'2019-04-10 10:24:37.933888',50,NULL,NULL,1,NULL,'','8616','2019-04-10 10:24:37.805262',NULL,NULL),(257,'BackgroundJobs.tasks.TopologyMapping','[[], {}]','f846a6eeccda5b30ea1deaab09282d6d0b8b9a43',NULL,0,'2019-04-10 10:25:28.394807',50,NULL,NULL,1,NULL,'','8616','2019-04-10 10:25:28.291385',NULL,NULL),(258,'BackgroundJobs.tasks.PortScanningThread','[[], {}]','1ee68e3e6d98afe47329e3219c4c1e6fc42e78c3',NULL,0,'2019-04-10 10:25:36.496947',100,NULL,NULL,1,NULL,'','8616','2019-04-10 10:25:28.141245',NULL,NULL),(259,'BackgroundJobs.tasks.PortScanningThread','[[], {}]','1ee68e3e6d98afe47329e3219c4c1e6fc42e78c3',NULL,0,'2019-04-10 10:26:08.273711',100,NULL,NULL,1,NULL,'','8616','2019-04-10 10:25:58.511677',NULL,NULL),(260,'BackgroundJobs.tasks.TopologyMapping','[[], {}]','f846a6eeccda5b30ea1deaab09282d6d0b8b9a43',NULL,0,'2019-04-10 10:26:18.941463',50,NULL,NULL,1,NULL,'','8616','2019-04-10 10:26:18.783759',NULL,NULL),(261,'BackgroundJobs.tasks.TopologyMapping','[[], {}]','f846a6eeccda5b30ea1deaab09282d6d0b8b9a43',NULL,0,'2019-04-10 10:27:24.661625',50,NULL,NULL,1,NULL,'','8616','2019-04-10 10:27:24.337369',NULL,NULL),(262,'BackgroundJobs.tasks.TopologyMapping','[[], {}]','f846a6eeccda5b30ea1deaab09282d6d0b8b9a43',NULL,0,'2019-04-10 10:28:15.090051',50,NULL,NULL,1,NULL,'','8616','2019-04-10 10:28:14.937612',NULL,NULL),(263,'BackgroundJobs.tasks.PortScanningThread','[[], {}]','1ee68e3e6d98afe47329e3219c4c1e6fc42e78c3',NULL,0,'2019-04-10 10:28:41.123320',100,NULL,NULL,1,NULL,'','8616','2019-04-10 10:28:14.745208',NULL,NULL),(264,'BackgroundJobs.tasks.TopologyMapping','[[], {}]','f846a6eeccda5b30ea1deaab09282d6d0b8b9a43',NULL,0,'2019-04-10 10:29:05.489067',50,NULL,NULL,1,NULL,'','8616','2019-04-10 10:29:05.293617',NULL,NULL),(265,'BackgroundJobs.tasks.TopologyMapping','[[], {}]','f846a6eeccda5b30ea1deaab09282d6d0b8b9a43',NULL,0,'2019-04-10 10:29:56.077822',50,NULL,NULL,1,NULL,'','8616','2019-04-10 10:29:55.865124',NULL,NULL),(266,'BackgroundJobs.tasks.TopologyMapping','[[], {}]','f846a6eeccda5b30ea1deaab09282d6d0b8b9a43',NULL,0,'2019-04-10 10:31:01.659815',50,NULL,NULL,1,NULL,'','8616','2019-04-10 10:31:01.410431',NULL,NULL),(267,'BackgroundJobs.tasks.PortScanningThread','[[], {}]','1ee68e3e6d98afe47329e3219c4c1e6fc42e78c3',NULL,0,'2019-04-10 10:31:11.134408',100,NULL,NULL,1,NULL,'','8616','2019-04-10 10:29:55.692819',NULL,NULL),(268,'BackgroundJobs.tasks.TopologyMapping','[[], {}]','f846a6eeccda5b30ea1deaab09282d6d0b8b9a43',NULL,0,'2019-04-10 10:32:42.454510',50,NULL,NULL,1,NULL,'','8616','2019-04-10 10:32:42.186303',NULL,NULL),(269,'BackgroundJobs.tasks.PortScanningThread','[[], {}]','1ee68e3e6d98afe47329e3219c4c1e6fc42e78c3',NULL,0,'2019-04-10 10:32:48.468065',100,NULL,NULL,1,NULL,'','8616','2019-04-10 10:31:31.790427',NULL,NULL),(270,'BackgroundJobs.tasks.TopologyMapping','[[], {}]','f846a6eeccda5b30ea1deaab09282d6d0b8b9a43',NULL,0,'2019-04-10 10:33:33.414243',50,NULL,NULL,1,NULL,'','8616','2019-04-10 10:33:32.887836',NULL,NULL),(271,'BackgroundJobs.tasks.TopologyMapping','[[], {}]','f846a6eeccda5b30ea1deaab09282d6d0b8b9a43',NULL,0,'2019-04-10 10:34:23.498880',50,NULL,NULL,1,NULL,'','8616','2019-04-10 10:34:23.178604',NULL,NULL),(272,'BackgroundJobs.tasks.PortScanningThread','[[], {}]','1ee68e3e6d98afe47329e3219c4c1e6fc42e78c3',NULL,0,'2019-04-10 10:34:31.930810',100,NULL,NULL,1,NULL,'','8616','2019-04-10 10:33:12.526591',NULL,NULL),(273,'BackgroundJobs.tasks.PortScanningThread','[[], {}]','1ee68e3e6d98afe47329e3219c4c1e6fc42e78c3',NULL,0,'2019-04-10 10:34:52.336649',100,NULL,NULL,1,NULL,'','8616','2019-04-10 10:33:32.683030',NULL,NULL),(274,'BackgroundJobs.tasks.TopologyMapping','[[], {}]','f846a6eeccda5b30ea1deaab09282d6d0b8b9a43',NULL,0,'2019-04-10 10:35:14.179673',50,NULL,NULL,1,NULL,'','8616','2019-04-10 10:35:13.848558',NULL,NULL),(275,'BackgroundJobs.tasks.TopologyMapping','[[], {}]','f846a6eeccda5b30ea1deaab09282d6d0b8b9a43',NULL,0,'2019-04-10 10:36:04.844737',50,NULL,NULL,1,NULL,'','8616','2019-04-10 10:36:04.196837',NULL,NULL),(276,'BackgroundJobs.tasks.PortScanningThread','[[], {}]','1ee68e3e6d98afe47329e3219c4c1e6fc42e78c3',NULL,0,'2019-04-10 10:36:10.288337',100,NULL,NULL,1,NULL,'','8616','2019-04-10 10:34:53.473735',NULL,NULL),(277,'BackgroundJobs.tasks.TopologyMapping','[[], {}]','f846a6eeccda5b30ea1deaab09282d6d0b8b9a43',NULL,0,'2019-04-10 10:36:54.995366',50,NULL,NULL,1,NULL,'','8616','2019-04-10 10:36:54.730470',NULL,NULL),(278,'BackgroundJobs.tasks.PortScanningThread','[[], {}]','1ee68e3e6d98afe47329e3219c4c1e6fc42e78c3',NULL,0,'2019-04-10 10:37:36.781805',100,NULL,NULL,1,NULL,'','8616','2019-04-10 10:36:34.446173',NULL,NULL),(279,'BackgroundJobs.tasks.TopologyMapping','[[], {}]','f846a6eeccda5b30ea1deaab09282d6d0b8b9a43',NULL,0,'2019-04-10 10:37:45.304303',50,NULL,NULL,1,NULL,'','8616','2019-04-10 10:37:45.101189',NULL,NULL),(280,'BackgroundJobs.tasks.TopologyMapping','[[], {}]','f846a6eeccda5b30ea1deaab09282d6d0b8b9a43',NULL,0,'2019-04-10 10:38:30.885574',50,NULL,NULL,1,NULL,'','8616','2019-04-10 10:38:30.666731',NULL,NULL),(281,'BackgroundJobs.tasks.PortScanningThread','[[], {}]','1ee68e3e6d98afe47329e3219c4c1e6fc42e78c3',NULL,0,'2019-04-10 10:39:26.519223',100,NULL,NULL,1,NULL,'','8616','2019-04-10 10:38:15.388982',NULL,NULL),(282,'BackgroundJobs.tasks.PortScanningThread','[[], {}]','1ee68e3e6d98afe47329e3219c4c1e6fc42e78c3',NULL,0,'2019-04-10 10:39:28.405183',100,NULL,NULL,1,NULL,'','8616','2019-04-10 10:35:13.696965',NULL,NULL),(283,'BackgroundJobs.tasks.TopologyMapping','[[], {}]','f846a6eeccda5b30ea1deaab09282d6d0b8b9a43',NULL,0,'2019-04-10 10:39:41.221200',50,NULL,NULL,1,NULL,'','8616','2019-04-10 10:39:41.058639',NULL,NULL),(284,'BackgroundJobs.tasks.TopologyMapping','[[], {}]','f846a6eeccda5b30ea1deaab09282d6d0b8b9a43',NULL,0,'2019-04-10 10:40:32.071152',50,NULL,NULL,1,NULL,'','8616','2019-04-10 10:40:31.847750',NULL,NULL),(285,'BackgroundJobs.tasks.TopologyMapping','[[], {}]','f846a6eeccda5b30ea1deaab09282d6d0b8b9a43',NULL,0,'2019-04-10 10:41:22.592086',50,NULL,NULL,1,NULL,'','8616','2019-04-10 10:41:22.175202',NULL,NULL),(286,'BackgroundJobs.tasks.PortScanningThread','[[], {}]','1ee68e3e6d98afe47329e3219c4c1e6fc42e78c3',NULL,0,'2019-04-10 10:41:30.427131',100,NULL,NULL,1,NULL,'','8616','2019-04-10 10:39:51.156679',NULL,NULL),(287,'BackgroundJobs.tasks.PortScanningThread','[[], {}]','1ee68e3e6d98afe47329e3219c4c1e6fc42e78c3',NULL,0,'2019-04-10 10:41:44.050246',100,NULL,NULL,1,NULL,'','8616','2019-04-10 10:40:11.496581',NULL,NULL),(288,'BackgroundJobs.tasks.PortScanningThread','[[], {}]','1ee68e3e6d98afe47329e3219c4c1e6fc42e78c3',NULL,0,'2019-04-10 10:41:48.866367',100,NULL,NULL,1,NULL,'','8616','2019-04-10 10:40:31.702138',NULL,NULL),(289,'BackgroundJobs.tasks.TopologyMapping','[[], {}]','f846a6eeccda5b30ea1deaab09282d6d0b8b9a43',NULL,0,'2019-04-10 10:42:25.946276',50,NULL,NULL,1,NULL,'','1028','2019-04-10 10:42:13.234788',NULL,NULL),(290,'BackgroundJobs.tasks.PortScanningThread','[[], {}]','1ee68e3e6d98afe47329e3219c4c1e6fc42e78c3',NULL,0,'2019-04-10 10:43:29.721091',100,NULL,NULL,1,NULL,'','1028','2019-04-10 10:42:13.046176',NULL,NULL),(291,'BackgroundJobs.tasks.TopologyMapping','[[], {}]','f846a6eeccda5b30ea1deaab09282d6d0b8b9a43',NULL,0,'2019-04-10 10:44:00.892859',50,NULL,NULL,1,NULL,'','1028','2019-04-10 10:43:48.582689',NULL,NULL),(292,'BackgroundJobs.tasks.TopologyMapping','[[], {}]','f846a6eeccda5b30ea1deaab09282d6d0b8b9a43',NULL,0,'2019-04-10 10:44:46.594915',50,NULL,NULL,1,NULL,'','1028','2019-04-10 10:44:34.175001',NULL,NULL),(293,'BackgroundJobs.tasks.PortScanningThread','[[], {}]','1ee68e3e6d98afe47329e3219c4c1e6fc42e78c3',NULL,0,'2019-04-10 10:45:05.600134',100,NULL,NULL,1,NULL,'','1028','2019-04-10 10:43:53.715112',NULL,NULL),(294,'BackgroundJobs.tasks.TopologyMapping','[[], {}]','f846a6eeccda5b30ea1deaab09282d6d0b8b9a43',NULL,0,'2019-04-10 10:45:37.095805',50,NULL,NULL,1,NULL,'','1028','2019-04-10 10:45:24.369464',NULL,NULL),(295,'BackgroundJobs.tasks.PortScanningThread','[[], {}]','1ee68e3e6d98afe47329e3219c4c1e6fc42e78c3',NULL,0,'2019-04-10 10:45:46.593593',100,NULL,NULL,1,NULL,'','1028','2019-04-10 10:44:34.046325',NULL,NULL),(296,'BackgroundJobs.tasks.PortScanningThread','[[], {}]','1ee68e3e6d98afe47329e3219c4c1e6fc42e78c3',NULL,0,'2019-04-10 10:46:43.012779',100,NULL,NULL,1,NULL,'','1028','2019-04-10 10:45:29.502518',NULL,NULL),(297,'BackgroundJobs.tasks.TopologyMapping','[[], {}]','f846a6eeccda5b30ea1deaab09282d6d0b8b9a43',NULL,0,'2019-04-10 10:47:07.378556',50,NULL,NULL,1,NULL,'','1028','2019-04-10 10:46:54.882061',NULL,NULL),(298,'BackgroundJobs.tasks.TopologyMapping','[[], {}]','f846a6eeccda5b30ea1deaab09282d6d0b8b9a43',NULL,0,'2019-04-10 10:47:52.981203',50,NULL,NULL,1,NULL,'','1028','2019-04-10 10:47:40.740284',NULL,NULL),(299,'BackgroundJobs.tasks.TopologyMapping','[[], {}]','f846a6eeccda5b30ea1deaab09282d6d0b8b9a43',NULL,0,'2019-04-10 10:48:43.584557',50,NULL,NULL,1,NULL,'','1028','2019-04-10 10:48:31.152666',NULL,NULL),(300,'BackgroundJobs.tasks.PortScanningThread','[[], {}]','1ee68e3e6d98afe47329e3219c4c1e6fc42e78c3',NULL,0,'2019-04-10 10:48:44.068819',100,NULL,NULL,1,NULL,'','1028','2019-04-10 10:47:40.479453',NULL,NULL),(301,'BackgroundJobs.tasks.TopologyMapping','[[], {}]','f846a6eeccda5b30ea1deaab09282d6d0b8b9a43',NULL,0,'2019-04-10 10:49:34.088298',50,NULL,NULL,1,NULL,'','1028','2019-04-10 10:49:21.841175',NULL,NULL),(302,'BackgroundJobs.tasks.PortScanningThread','[[], {}]','1ee68e3e6d98afe47329e3219c4c1e6fc42e78c3',NULL,0,'2019-04-10 10:50:24.185126',100,NULL,NULL,1,NULL,'','1028','2019-04-10 10:49:21.606825',NULL,NULL),(303,'BackgroundJobs.tasks.TopologyMapping','[[], {}]','f846a6eeccda5b30ea1deaab09282d6d0b8b9a43',NULL,0,'2019-04-10 10:50:24.622598',50,NULL,NULL,1,NULL,'','1028','2019-04-10 10:50:12.218765',NULL,NULL),(304,'BackgroundJobs.tasks.PortScanningThread','[[], {}]','1ee68e3e6d98afe47329e3219c4c1e6fc42e78c3',NULL,0,'2019-04-10 10:51:08.553763',100,NULL,NULL,1,NULL,'','1028','2019-04-10 10:47:10.212899',NULL,NULL),(305,'BackgroundJobs.tasks.TopologyMapping','[[], {}]','f846a6eeccda5b30ea1deaab09282d6d0b8b9a43',NULL,0,'2019-04-10 10:51:14.880609',50,NULL,NULL,1,NULL,'','1028','2019-04-10 10:51:02.771802',NULL,NULL),(306,'BackgroundJobs.tasks.TopologyMapping','[[], {}]','f846a6eeccda5b30ea1deaab09282d6d0b8b9a43',NULL,0,'2019-04-10 10:52:05.511460',50,NULL,NULL,1,NULL,'','1028','2019-04-10 10:51:53.035743',NULL,NULL),(307,'BackgroundJobs.tasks.TopologyMapping','[[], {}]','f846a6eeccda5b30ea1deaab09282d6d0b8b9a43',NULL,0,'2019-04-10 10:53:00.467484',50,NULL,NULL,1,NULL,'','1028','2019-04-10 10:52:43.580626',NULL,NULL),(308,'BackgroundJobs.tasks.PortScanningThread','[[], {}]','1ee68e3e6d98afe47329e3219c4c1e6fc42e78c3',NULL,0,'2019-04-10 10:53:27.751118',100,NULL,NULL,1,NULL,'','1028','2019-04-10 10:52:13.212775',NULL,NULL),(309,'BackgroundJobs.tasks.TopologyMapping','[[], {}]','f846a6eeccda5b30ea1deaab09282d6d0b8b9a43',NULL,0,'2019-04-10 10:53:47.569769',50,NULL,NULL,1,NULL,'','1028','2019-04-10 10:53:33.919310',NULL,NULL),(310,'BackgroundJobs.tasks.TopologyMapping','[[], {}]','f846a6eeccda5b30ea1deaab09282d6d0b8b9a43',NULL,0,'2019-04-10 10:54:08.447705',50,NULL,NULL,1,NULL,'','1028','2019-04-10 10:53:54.483417',NULL,NULL),(311,'BackgroundJobs.tasks.PortScanningThread','[[], {}]','1ee68e3e6d98afe47329e3219c4c1e6fc42e78c3',NULL,0,'2019-04-10 11:02:06.512945',100,NULL,NULL,1,NULL,'','5912','2019-04-10 11:02:06.169365',NULL,NULL),(312,'BackgroundJobs.tasks.TopologyMapping','[[], {}]','f846a6eeccda5b30ea1deaab09282d6d0b8b9a43',NULL,0,'2019-04-10 11:02:22.649881',50,NULL,NULL,1,NULL,'','5912','2019-04-10 11:02:05.887996',NULL,NULL),(313,'BackgroundJobs.tasks.TopologyMapping','[[], {}]','f846a6eeccda5b30ea1deaab09282d6d0b8b9a43',NULL,0,'2019-04-10 11:03:49.470374',50,NULL,NULL,1,NULL,'','5912','2019-04-10 11:03:36.561701',NULL,NULL),(314,'BackgroundJobs.tasks.TopologyMapping','[[], {}]','f846a6eeccda5b30ea1deaab09282d6d0b8b9a43',NULL,0,'2019-04-11 09:20:17.812452',50,NULL,NULL,1,NULL,'','6736','2019-04-11 09:20:17.588186',NULL,NULL),(315,'BackgroundJobs.tasks.TopologyMapping','[[], {}]','f846a6eeccda5b30ea1deaab09282d6d0b8b9a43',NULL,0,'2019-04-11 09:20:58.374197',50,NULL,NULL,1,NULL,'','6736','2019-04-11 09:20:58.138287',NULL,NULL),(316,'BackgroundJobs.tasks.TopologyMapping','[[], {}]','f846a6eeccda5b30ea1deaab09282d6d0b8b9a43',NULL,0,'2019-04-11 09:21:48.695686',50,NULL,NULL,1,NULL,'','6736','2019-04-11 09:21:48.482271',NULL,NULL),(317,'BackgroundJobs.tasks.TopologyMapping','[[], {}]','f846a6eeccda5b30ea1deaab09282d6d0b8b9a43',NULL,0,'2019-04-11 09:22:39.053413',50,NULL,NULL,1,NULL,'','6736','2019-04-11 09:22:38.805840',NULL,NULL),(318,'BackgroundJobs.tasks.TopologyMapping','[[], {}]','f846a6eeccda5b30ea1deaab09282d6d0b8b9a43',NULL,0,'2019-04-11 09:23:29.460371',50,NULL,NULL,1,NULL,'','6736','2019-04-11 09:23:29.226147',NULL,NULL),(319,'BackgroundJobs.tasks.TopologyMapping','[[], {}]','f846a6eeccda5b30ea1deaab09282d6d0b8b9a43',NULL,0,'2019-04-11 09:31:34.367657',50,NULL,NULL,1,NULL,'','10104','2019-04-11 09:31:34.227029',NULL,NULL),(320,'BackgroundJobs.tasks.TopologyMapping','[[], {}]','f846a6eeccda5b30ea1deaab09282d6d0b8b9a43',NULL,0,'2019-04-11 09:31:49.645267',50,NULL,NULL,1,NULL,'','10104','2019-04-11 09:31:49.410979',NULL,NULL),(321,'BackgroundJobs.tasks.TopologyMapping','[[], {}]','f846a6eeccda5b30ea1deaab09282d6d0b8b9a43',NULL,0,'2019-04-11 09:32:40.035324',50,NULL,NULL,1,NULL,'','10104','2019-04-11 09:32:39.800974',NULL,NULL),(322,'BackgroundJobs.tasks.TopologyMapping','[[], {}]','f846a6eeccda5b30ea1deaab09282d6d0b8b9a43',NULL,0,'2019-04-11 09:33:45.429192',50,NULL,NULL,1,NULL,'','10104','2019-04-11 09:33:45.319854',NULL,NULL),(323,'BackgroundJobs.tasks.PortScanningThread','[[], {}]','1ee68e3e6d98afe47329e3219c4c1e6fc42e78c3',NULL,0,'2019-04-11 11:31:39.908090',10,NULL,NULL,1,NULL,'','5588','2019-04-11 11:31:39.507128',NULL,NULL),(324,'BackgroundJobs.tasks.PortScanningThread','[[], {}]','1ee68e3e6d98afe47329e3219c4c1e6fc42e78c3',NULL,0,'2019-04-11 11:31:50.181419',10,NULL,NULL,1,NULL,'','5588','2019-04-11 11:31:49.949213',NULL,NULL),(325,'BackgroundJobs.tasks.TopologyMapping','[[], {}]','f846a6eeccda5b30ea1deaab09282d6d0b8b9a43',NULL,0,'2019-04-11 11:31:52.876547',50,NULL,NULL,1,NULL,'','5588','2019-04-11 11:31:39.700147',NULL,NULL),(326,'BackgroundJobs.tasks.TopologyMapping','[[], {}]','f846a6eeccda5b30ea1deaab09282d6d0b8b9a43',NULL,0,'2019-04-11 11:32:34.552553',50,NULL,NULL,1,NULL,'','5588','2019-04-11 11:32:20.445017',NULL,NULL),(327,'BackgroundJobs.tasks.TopologyMapping','[[], {}]','f846a6eeccda5b30ea1deaab09282d6d0b8b9a43',NULL,0,'2019-04-11 11:33:18.821714',50,NULL,NULL,1,NULL,'','5588','2019-04-11 11:33:06.037811',NULL,NULL),(328,'BackgroundJobs.tasks.TopologyMapping','[[], {}]','f846a6eeccda5b30ea1deaab09282d6d0b8b9a43',NULL,0,'2019-04-11 11:33:34.733654',50,NULL,NULL,1,NULL,'','5588','2019-04-11 11:33:21.293796',NULL,NULL),(329,'BackgroundJobs.tasks.TopologyMapping','[[], {}]','f846a6eeccda5b30ea1deaab09282d6d0b8b9a43',NULL,0,'2019-04-11 11:34:09.361014',50,NULL,NULL,1,NULL,'','5588','2019-04-11 11:33:56.579562',NULL,NULL),(330,'BackgroundJobs.tasks.TopologyMapping','[[], {}]','f846a6eeccda5b30ea1deaab09282d6d0b8b9a43',NULL,0,'2019-04-11 11:34:34.249999',50,NULL,NULL,1,NULL,'','5588','2019-04-11 11:34:11.753385',NULL,NULL),(331,'BackgroundJobs.tasks.TopologyMapping','[[], {}]','f846a6eeccda5b30ea1deaab09282d6d0b8b9a43',NULL,0,'2019-04-11 11:35:15.058788',50,NULL,NULL,1,NULL,'','5588','2019-04-11 11:35:02.067204',NULL,NULL),(332,'BackgroundJobs.tasks.TopologyMapping','[[], {}]','f846a6eeccda5b30ea1deaab09282d6d0b8b9a43',NULL,0,'2019-04-11 11:35:29.970165',50,NULL,NULL,1,NULL,'','5588','2019-04-11 11:35:17.339077',NULL,NULL),(333,'BackgroundJobs.tasks.TopologyMapping','[[], {}]','f846a6eeccda5b30ea1deaab09282d6d0b8b9a43',NULL,0,'2019-04-11 11:36:01.008223',50,NULL,NULL,1,NULL,'','5588','2019-04-11 11:35:47.621400',NULL,NULL),(334,'BackgroundJobs.tasks.TopologyMapping','[[], {}]','f846a6eeccda5b30ea1deaab09282d6d0b8b9a43',NULL,0,'2019-04-11 11:36:21.746933',50,NULL,NULL,1,NULL,'','5588','2019-04-11 11:36:08.085209',NULL,NULL),(335,'BackgroundJobs.tasks.PortScanningThread','[[], {}]','1ee68e3e6d98afe47329e3219c4c1e6fc42e78c3',NULL,0,'2019-04-11 11:36:41.729986',10,NULL,NULL,1,NULL,'','5588','2019-04-11 11:32:00.246260',NULL,NULL),(336,'BackgroundJobs.tasks.PortScanningThread','[[], {}]','1ee68e3e6d98afe47329e3219c4c1e6fc42e78c3',NULL,0,'2019-04-11 11:36:48.713922',10,NULL,NULL,1,NULL,'','5588','2019-04-11 11:36:48.495270',NULL,NULL),(337,'BackgroundJobs.tasks.TopologyMapping','[[], {}]','f846a6eeccda5b30ea1deaab09282d6d0b8b9a43',NULL,0,'2019-04-11 11:36:51.078018',50,NULL,NULL,1,NULL,'','5588','2019-04-11 11:36:38.360222',NULL,NULL),(338,'BackgroundJobs.tasks.PortScanningThread','[[], {}]','1ee68e3e6d98afe47329e3219c4c1e6fc42e78c3',NULL,0,'2019-04-11 11:36:53.668903',10,NULL,NULL,1,NULL,'','5588','2019-04-11 11:32:40.749675',NULL,NULL),(339,'BackgroundJobs.tasks.TopologyMapping','[[], {}]','f846a6eeccda5b30ea1deaab09282d6d0b8b9a43',NULL,0,'2019-04-11 11:37:53.651478',50,NULL,NULL,1,NULL,'','5588','2019-04-11 11:36:58.896620',NULL,NULL),(340,'BackgroundJobs.tasks.TopologyMapping','[[], {}]','f846a6eeccda5b30ea1deaab09282d6d0b8b9a43',NULL,0,'2019-04-11 11:38:07.368488',50,NULL,NULL,1,NULL,'','5588','2019-04-11 11:37:29.198271',NULL,NULL),(341,'BackgroundJobs.tasks.TopologyMapping','[[], {}]','f846a6eeccda5b30ea1deaab09282d6d0b8b9a43',NULL,0,'2019-04-11 11:38:32.800203',50,NULL,NULL,1,NULL,'','5588','2019-04-11 11:38:19.600647',NULL,NULL),(342,'BackgroundJobs.tasks.TopologyMapping','[[], {}]','f846a6eeccda5b30ea1deaab09282d6d0b8b9a43',NULL,0,'2019-04-11 11:38:52.822923',50,NULL,NULL,1,NULL,'','5588','2019-04-11 11:38:39.787116',NULL,NULL),(343,'BackgroundJobs.tasks.TopologyMapping','[[], {}]','f846a6eeccda5b30ea1deaab09282d6d0b8b9a43',NULL,0,'2019-04-11 11:39:22.907742',50,NULL,NULL,1,NULL,'','5588','2019-04-11 11:39:10.103840',NULL,NULL),(344,'BackgroundJobs.tasks.TopologyMapping','[[], {}]','f846a6eeccda5b30ea1deaab09282d6d0b8b9a43',NULL,0,'2019-04-11 11:39:43.631670',50,NULL,NULL,1,NULL,'','5588','2019-04-11 11:39:30.325744',NULL,NULL),(345,'BackgroundJobs.tasks.TopologyMapping','[[], {}]','f846a6eeccda5b30ea1deaab09282d6d0b8b9a43',NULL,0,'2019-04-11 11:41:03.299069',50,NULL,NULL,1,NULL,'','5588','2019-04-11 11:40:50.807803',NULL,NULL),(346,'BackgroundJobs.tasks.PortScanningThread','[[], {}]','1ee68e3e6d98afe47329e3219c4c1e6fc42e78c3',NULL,0,'2019-04-11 11:41:31.170687',10,NULL,NULL,1,NULL,'','5588','2019-04-11 11:36:58.987157',NULL,NULL),(347,'BackgroundJobs.tasks.PortScanningThread','[[], {}]','1ee68e3e6d98afe47329e3219c4c1e6fc42e78c3',NULL,0,'2019-04-11 11:41:31.218761',10,NULL,NULL,1,NULL,'','5588','2019-04-11 11:36:58.658925',NULL,NULL),(348,'BackgroundJobs.tasks.TopologyMapping','[[], {}]','f846a6eeccda5b30ea1deaab09282d6d0b8b9a43',NULL,0,'2019-04-11 11:41:54.549995',50,NULL,NULL,1,NULL,'','5588','2019-04-11 11:41:41.521005',NULL,NULL),(349,'BackgroundJobs.tasks.TopologyMapping','[[], {}]','f846a6eeccda5b30ea1deaab09282d6d0b8b9a43',NULL,0,'2019-04-11 11:42:44.378467',50,NULL,NULL,1,NULL,'','5588','2019-04-11 11:42:31.777516',NULL,NULL),(350,'BackgroundJobs.tasks.TopologyMapping','[[], {}]','f846a6eeccda5b30ea1deaab09282d6d0b8b9a43',NULL,0,'2019-04-11 11:43:35.063097',50,NULL,NULL,1,NULL,'','5588','2019-04-11 11:43:22.097092',NULL,NULL),(351,'BackgroundJobs.tasks.TopologyMapping','[[], {}]','f846a6eeccda5b30ea1deaab09282d6d0b8b9a43',NULL,0,'2019-04-11 11:44:20.541134',50,NULL,NULL,1,NULL,'','5588','2019-04-11 11:44:07.407297',NULL,NULL),(352,'BackgroundJobs.tasks.TopologyMapping','[[], {}]','f846a6eeccda5b30ea1deaab09282d6d0b8b9a43',NULL,0,'2019-04-11 11:45:10.695354',50,NULL,NULL,1,NULL,'','5588','2019-04-11 11:44:57.813844',NULL,NULL),(353,'BackgroundJobs.tasks.PortScanningThread','[[], {}]','1ee68e3e6d98afe47329e3219c4c1e6fc42e78c3',NULL,0,'2019-04-11 11:45:56.926630',10,NULL,NULL,1,NULL,'','5588','2019-04-11 11:41:36.053960',NULL,NULL),(354,'BackgroundJobs.tasks.PortScanningThread','[[], {}]','1ee68e3e6d98afe47329e3219c4c1e6fc42e78c3',NULL,0,'2019-04-11 11:45:59.273113',10,NULL,NULL,1,NULL,'','5588','2019-04-11 11:41:41.252892',NULL,NULL),(355,'BackgroundJobs.tasks.TopologyMapping','[[], {}]','f846a6eeccda5b30ea1deaab09282d6d0b8b9a43',NULL,0,'2019-04-11 11:46:01.171033',50,NULL,NULL,1,NULL,'','5588','2019-04-11 11:45:48.119291',NULL,NULL),(356,'BackgroundJobs.tasks.TopologyMapping','[[], {}]','f846a6eeccda5b30ea1deaab09282d6d0b8b9a43',NULL,0,'2019-04-11 11:46:51.893713',50,NULL,NULL,1,NULL,'','5588','2019-04-11 11:46:38.912607',NULL,NULL),(357,'BackgroundJobs.tasks.TopologyMapping','[[], {}]','f846a6eeccda5b30ea1deaab09282d6d0b8b9a43',NULL,0,'2019-04-11 11:47:42.109676',50,NULL,NULL,1,NULL,'','5588','2019-04-11 11:47:29.360162',NULL,NULL),(358,'BackgroundJobs.tasks.TopologyMapping','[[], {}]','f846a6eeccda5b30ea1deaab09282d6d0b8b9a43',NULL,0,'2019-04-11 11:48:32.705646',50,NULL,NULL,1,NULL,'','5588','2019-04-11 11:48:20.020700',NULL,NULL),(359,'BackgroundJobs.tasks.TopologyMapping','[[], {}]','f846a6eeccda5b30ea1deaab09282d6d0b8b9a43',NULL,0,'2019-04-11 11:49:55.621970',50,NULL,NULL,1,NULL,'','5588','2019-04-11 11:49:10.346149',NULL,NULL),(360,'BackgroundJobs.tasks.TopologyMapping','[[], {}]','f846a6eeccda5b30ea1deaab09282d6d0b8b9a43',NULL,0,'2019-04-11 11:50:45.869608',50,NULL,NULL,1,NULL,'','5588','2019-04-11 11:50:00.613783',NULL,NULL),(361,'BackgroundJobs.tasks.TopologyMapping','[[], {}]','f846a6eeccda5b30ea1deaab09282d6d0b8b9a43',NULL,0,'2019-04-11 11:52:26.872736',50,NULL,NULL,1,NULL,'','5588','2019-04-11 11:50:51.039097',NULL,NULL),(362,'BackgroundJobs.tasks.TopologyMapping','[[], {}]','f846a6eeccda5b30ea1deaab09282d6d0b8b9a43',NULL,0,'2019-04-11 11:55:04.260882',50,NULL,NULL,1,NULL,'','5588','2019-04-11 11:52:31.745781',NULL,NULL),(363,'BackgroundJobs.tasks.PortScanningThread','[[], {}]','1ee68e3e6d98afe47329e3219c4c1e6fc42e78c3',NULL,0,'2019-04-11 11:55:11.756092',10,NULL,NULL,1,NULL,'','5588','2019-04-11 11:46:08.634569',NULL,NULL),(364,'BackgroundJobs.tasks.PortScanningThread','[[], {}]','1ee68e3e6d98afe47329e3219c4c1e6fc42e78c3',NULL,0,'2019-04-11 11:55:11.780978',10,NULL,NULL,1,NULL,'','5588','2019-04-11 11:46:08.488563',NULL,NULL),(365,'BackgroundJobs.tasks.PortScanningThread','[[], {}]','1ee68e3e6d98afe47329e3219c4c1e6fc42e78c3',NULL,0,'2019-04-11 11:55:18.071950',10,NULL,NULL,1,NULL,'','5588','2019-04-11 11:55:17.831352',NULL,NULL),(366,'BackgroundJobs.tasks.PortScanningThread','[[], {}]','1ee68e3e6d98afe47329e3219c4c1e6fc42e78c3',NULL,0,'2019-04-11 11:55:18.107056',10,NULL,NULL,1,NULL,'','5588','2019-04-11 11:55:17.698041',NULL,NULL),(367,'BackgroundJobs.tasks.PortScanningThread','[[], {}]','1ee68e3e6d98afe47329e3219c4c1e6fc42e78c3',NULL,0,'2019-04-11 11:55:28.169766',10,NULL,NULL,1,NULL,'','5588','2019-04-11 11:55:27.970148',NULL,NULL),(368,'BackgroundJobs.tasks.PortScanningThread','[[], {}]','1ee68e3e6d98afe47329e3219c4c1e6fc42e78c3',NULL,0,'2019-04-11 11:55:28.204767',10,NULL,NULL,1,NULL,'','5588','2019-04-11 11:55:28.095285',NULL,NULL),(369,'BackgroundJobs.tasks.PortScanningThread','[[], {}]','1ee68e3e6d98afe47329e3219c4c1e6fc42e78c3',NULL,0,'2019-04-11 11:55:38.296651',10,NULL,NULL,1,NULL,'','5588','2019-04-11 11:55:38.221512',NULL,NULL),(370,'BackgroundJobs.tasks.PortScanningThread','[[], {}]','1ee68e3e6d98afe47329e3219c4c1e6fc42e78c3',NULL,0,'2019-04-11 11:55:38.444624',10,NULL,NULL,1,NULL,'','5588','2019-04-11 11:55:38.271675',NULL,NULL),(371,'BackgroundJobs.tasks.PortScanningThread','[[], {}]','1ee68e3e6d98afe47329e3219c4c1e6fc42e78c3',NULL,0,'2019-04-11 11:55:48.630990',10,NULL,NULL,1,NULL,'','5588','2019-04-11 11:55:48.467199',NULL,NULL),(372,'BackgroundJobs.tasks.PortScanningThread','[[], {}]','1ee68e3e6d98afe47329e3219c4c1e6fc42e78c3',NULL,0,'2019-04-11 11:55:49.018986',10,NULL,NULL,1,NULL,'','5588','2019-04-11 11:55:48.634257',NULL,NULL),(373,'BackgroundJobs.tasks.PortScanningThread','[[], {}]','1ee68e3e6d98afe47329e3219c4c1e6fc42e78c3',NULL,0,'2019-04-11 11:55:59.015519',10,NULL,NULL,1,NULL,'','5588','2019-04-11 11:55:58.907615',NULL,NULL),(374,'BackgroundJobs.tasks.PortScanningThread','[[], {}]','1ee68e3e6d98afe47329e3219c4c1e6fc42e78c3',NULL,0,'2019-04-11 11:55:59.193111',10,NULL,NULL,1,NULL,'','5588','2019-04-11 11:55:59.083373',NULL,NULL),(375,'BackgroundJobs.tasks.PortScanningThread','[[], {}]','1ee68e3e6d98afe47329e3219c4c1e6fc42e78c3',NULL,0,'2019-04-11 11:56:09.390581',10,NULL,NULL,1,NULL,'','5588','2019-04-11 11:56:09.231274',NULL,NULL),(376,'BackgroundJobs.tasks.PortScanningThread','[[], {}]','1ee68e3e6d98afe47329e3219c4c1e6fc42e78c3',NULL,0,'2019-04-11 11:56:09.570869',10,NULL,NULL,1,NULL,'','5588','2019-04-11 11:56:09.364202',NULL,NULL),(377,'BackgroundJobs.tasks.PortScanningThread','[[], {}]','1ee68e3e6d98afe47329e3219c4c1e6fc42e78c3',NULL,0,'2019-04-11 11:56:19.752498',10,NULL,NULL,1,NULL,'','5588','2019-04-11 11:56:19.605941',NULL,NULL),(378,'BackgroundJobs.tasks.PortScanningThread','[[], {}]','1ee68e3e6d98afe47329e3219c4c1e6fc42e78c3',NULL,0,'2019-04-11 11:56:19.886033',10,NULL,NULL,1,NULL,'','5588','2019-04-11 11:56:19.736457',NULL,NULL),(379,'BackgroundJobs.tasks.TopologyMapping','[[], {}]','f846a6eeccda5b30ea1deaab09282d6d0b8b9a43',NULL,0,'2019-04-11 11:56:23.968926',50,NULL,NULL,1,NULL,'','5588','2019-04-11 11:55:48.725103',NULL,NULL),(380,'BackgroundJobs.tasks.PortScanningThread','[[], {}]','1ee68e3e6d98afe47329e3219c4c1e6fc42e78c3',NULL,0,'2019-04-11 11:56:30.127896',10,NULL,NULL,1,NULL,'','5588','2019-04-11 11:56:29.956801',NULL,NULL),(381,'BackgroundJobs.tasks.PortScanningThread','[[], {}]','1ee68e3e6d98afe47329e3219c4c1e6fc42e78c3',NULL,0,'2019-04-11 11:56:30.261266',10,NULL,NULL,1,NULL,'','5588','2019-04-11 11:56:30.098872',NULL,NULL),(382,'BackgroundJobs.tasks.PortScanningThread','[[], {}]','1ee68e3e6d98afe47329e3219c4c1e6fc42e78c3',NULL,0,'2019-04-11 11:56:40.553671',10,NULL,NULL,1,NULL,'','5588','2019-04-11 11:56:40.327809',NULL,NULL),(383,'BackgroundJobs.tasks.PortScanningThread','[[], {}]','1ee68e3e6d98afe47329e3219c4c1e6fc42e78c3',NULL,0,'2019-04-11 11:56:40.646203',10,NULL,NULL,1,NULL,'','5588','2019-04-11 11:56:40.485597',NULL,NULL),(384,'BackgroundJobs.tasks.PortScanningThread','[[], {}]','1ee68e3e6d98afe47329e3219c4c1e6fc42e78c3',NULL,0,'2019-04-11 11:56:45.928286',10,NULL,NULL,1,NULL,'','5588','2019-04-11 11:56:45.789459',NULL,NULL),(385,'BackgroundJobs.tasks.PortScanningThread','[[], {}]','1ee68e3e6d98afe47329e3219c4c1e6fc42e78c3',NULL,0,'2019-04-11 11:56:51.069277',10,NULL,NULL,1,NULL,'','5588','2019-04-11 11:56:50.929416',NULL,NULL),(386,'BackgroundJobs.tasks.PortScanningThread','[[], {}]','1ee68e3e6d98afe47329e3219c4c1e6fc42e78c3',NULL,0,'2019-04-11 11:56:56.257578',10,NULL,NULL,1,NULL,'','5588','2019-04-11 11:56:56.112992',NULL,NULL),(387,'BackgroundJobs.tasks.PortScanningThread','[[], {}]','1ee68e3e6d98afe47329e3219c4c1e6fc42e78c3',NULL,0,'2019-04-11 11:57:01.516617',10,NULL,NULL,1,NULL,'','5588','2019-04-11 11:57:01.319963',NULL,NULL),(388,'BackgroundJobs.tasks.TopologyMapping','[[], {}]','f846a6eeccda5b30ea1deaab09282d6d0b8b9a43',NULL,0,'2019-04-11 11:57:04.778905',50,NULL,NULL,1,NULL,'','5588','2019-04-11 11:56:40.653925',NULL,NULL),(389,'BackgroundJobs.tasks.PortScanningThread','[[], {}]','1ee68e3e6d98afe47329e3219c4c1e6fc42e78c3',NULL,0,'2019-04-11 11:57:06.720995',10,NULL,NULL,1,NULL,'','5588','2019-04-11 11:57:06.570873',NULL,NULL),(390,'BackgroundJobs.tasks.PortScanningThread','[[], {}]','1ee68e3e6d98afe47329e3219c4c1e6fc42e78c3',NULL,0,'2019-04-11 11:57:11.973278',10,NULL,NULL,1,NULL,'','5588','2019-04-11 11:57:11.751126',NULL,NULL),(391,'BackgroundJobs.tasks.TopologyMapping','[[], {}]','f846a6eeccda5b30ea1deaab09282d6d0b8b9a43',NULL,0,'2019-04-11 11:59:35.686257',120,NULL,NULL,1,NULL,'','5588','2019-04-11 11:59:22.495837',NULL,NULL),(392,'BackgroundJobs.tasks.TopologyMapping','[[], {}]','f846a6eeccda5b30ea1deaab09282d6d0b8b9a43',NULL,0,'2019-04-11 12:01:36.367858',120,NULL,NULL,1,NULL,'','5588','2019-04-11 12:01:23.422621',NULL,NULL),(393,'BackgroundJobs.tasks.TopologyMapping','[[], {}]','f846a6eeccda5b30ea1deaab09282d6d0b8b9a43',NULL,0,'2019-04-11 12:03:31.902738',120,NULL,NULL,1,NULL,'','5588','2019-04-11 12:03:19.018606',NULL,NULL),(394,'BackgroundJobs.tasks.TopologyMapping','[[], {}]','f846a6eeccda5b30ea1deaab09282d6d0b8b9a43',NULL,0,'2019-04-11 12:05:33.162108',120,NULL,NULL,1,NULL,'','5588','2019-04-11 12:05:19.980017',NULL,NULL),(395,'BackgroundJobs.tasks.TopologyMapping','[[], {}]','f846a6eeccda5b30ea1deaab09282d6d0b8b9a43',NULL,0,'2019-04-11 12:07:33.420843',120,NULL,NULL,1,NULL,'','5588','2019-04-11 12:07:20.513156',NULL,NULL),(396,'BackgroundJobs.tasks.TopologyMapping','[[], {}]','f846a6eeccda5b30ea1deaab09282d6d0b8b9a43',NULL,0,'2019-04-11 12:09:34.051208',120,NULL,NULL,1,NULL,'','5588','2019-04-11 12:09:21.202514',NULL,NULL),(397,'BackgroundJobs.tasks.TopologyMapping','[[], {}]','f846a6eeccda5b30ea1deaab09282d6d0b8b9a43',NULL,0,'2019-04-11 12:11:35.164248',120,NULL,NULL,1,NULL,'','5588','2019-04-11 12:11:22.083457',NULL,NULL),(398,'BackgroundJobs.tasks.TopologyMapping','[[], {}]','f846a6eeccda5b30ea1deaab09282d6d0b8b9a43',NULL,0,'2019-04-11 12:13:36.026708',120,NULL,NULL,1,NULL,'','5588','2019-04-11 12:13:22.786767',NULL,NULL);
/*!40000 ALTER TABLE `background_task_completedtask` ENABLE KEYS */;
UNLOCK TABLES;

--
-- Table structure for table `device_info`
--

DROP TABLE IF EXISTS `device_info`;
/*!40101 SET @saved_cs_client     = @@character_set_client */;
/*!40101 SET character_set_client = utf8 */;
CREATE TABLE `device_info` (
  `mac_address` varchar(12) NOT NULL,
  `ip_address` varchar(20) DEFAULT NULL,
  `mask` varchar(20) DEFAULT NULL,
  `sys_info` json DEFAULT NULL,
  PRIMARY KEY (`mac_address`),
  UNIQUE KEY `mac_address_UNIQUE` (`mac_address`)
) ENGINE=InnoDB DEFAULT CHARSET=utf8;
/*!40101 SET character_set_client = @saved_cs_client */;

--
-- Dumping data for table `device_info`
--

LOCK TABLES `device_info` WRITE;
/*!40000 ALTER TABLE `device_info` DISABLE KEYS */;
INSERT INTO `device_info` VALUES ('9CAD9702BC29','192.168.1.16','255.255.255.0','{\"ip\": \"192.168.1.16\", \"mac\": \"9CAD9702BC29\", \"mask\": \"255.255.255.0\", \"cores\": 4, \"ram_gb\": 3.9, \"gateway\": \"192.168.1.1\", \"os_name\": \"Microsoft Windows 10 Pro Education\", \"arc_type\": \"x64\", \"nic_type\": \"Wi-Fi\", \"username\": \"InspironPC\", \"cpu_clock\": 1.9, \"cpu_model\": \"Intel(R) Core(TM) i3-4030U CPU @ 1.90GHz\", \"nic_speed\": \"137\", \"os_version\": \"Microsoft Windows NT 6.2.9200.0\", \"machine_name\": \"DESKTOP-VLH7VHC\"}'),('B82A72B84197','192.168.1.13','255.255.255.0','{\"ip\": \"192.168.1.13\", \"mac\": \"B82A72B84197\", \"mask\": \"255.255.255.0\", \"cores\": 4, \"ram_gb\": 3.9, \"gateway\": \"192.168.1.1\", \"os_name\": \"Microsoft Windows 10 Pro Education\", \"arc_type\": \"x64\", \"nic_type\": \"Ethernet\", \"username\": \"InspironPC\", \"cpu_clock\": 1.9, \"cpu_model\": \"Intel(R) Core(TM) i3-4030U CPU @ 1.90GHz\", \"nic_speed\": \"95\", \"os_version\": \"Microsoft Windows NT 6.2.9200.0\", \"machine_name\": \"DESKTOP-VLH7VHC\"}');
/*!40000 ALTER TABLE `device_info` ENABLE KEYS */;
UNLOCK TABLES;

--
-- Table structure for table `django_admin_log`
--

DROP TABLE IF EXISTS `django_admin_log`;
/*!40101 SET @saved_cs_client     = @@character_set_client */;
/*!40101 SET character_set_client = utf8 */;
CREATE TABLE `django_admin_log` (
  `id` int(11) NOT NULL AUTO_INCREMENT,
  `action_time` datetime(6) NOT NULL,
  `object_id` longtext,
  `object_repr` varchar(200) NOT NULL,
  `action_flag` smallint(5) unsigned NOT NULL,
  `change_message` longtext NOT NULL,
  `content_type_id` int(11) DEFAULT NULL,
  `user_id` int(11) NOT NULL,
  PRIMARY KEY (`id`),
  KEY `django_admin_log_content_type_id_c4bce8eb_fk_django_co` (`content_type_id`),
  KEY `django_admin_log_user_id_c564eba6_fk_auth_user_id` (`user_id`),
  CONSTRAINT `django_admin_log_content_type_id_c4bce8eb_fk_django_co` FOREIGN KEY (`content_type_id`) REFERENCES `django_content_type` (`id`),
  CONSTRAINT `django_admin_log_user_id_c564eba6_fk_auth_user_id` FOREIGN KEY (`user_id`) REFERENCES `auth_user` (`id`)
) ENGINE=InnoDB AUTO_INCREMENT=41 DEFAULT CHARSET=latin1;
/*!40101 SET character_set_client = @saved_cs_client */;

--
-- Dumping data for table `django_admin_log`
--

LOCK TABLES `django_admin_log` WRITE;
/*!40000 ALTER TABLE `django_admin_log` DISABLE KEYS */;
INSERT INTO `django_admin_log` VALUES (1,'2019-03-24 09:33:12.315754','9AS123DCEQ35','Mac : 9AS123DCEQ35  ---   LastOnline : 2019-03-24 12:49:16+00:00',3,'',8,1),(2,'2019-03-24 19:49:34.574335','9CAD9702BC29','Mac : 9CAD9702BC29  ---   LastOnline : 2019-03-24 19:49:31+00:00',2,'[{\"changed\": {\"fields\": [\"online\"]}}]',8,1),(3,'2019-03-24 19:55:15.295880','9CAD9702BC29','Mac : 9CAD9702BC29  ---   LastOnline : 2019-03-25 00:55:11+05:00',2,'[{\"changed\": {\"fields\": [\"online\"]}}]',8,1),(4,'2019-03-30 19:09:01.132310','3','BackgroundJobs.tasks.demo_job',3,'',21,1),(5,'2019-03-30 19:09:12.303741','2','BackgroundJobs.tasks.demo_job',3,'',21,1),(6,'2019-03-30 19:09:12.366930','1','BackgroundJobs.tasks.demo_job',3,'',21,1),(7,'2019-03-30 19:10:45.384306','4','BackgroundJobs.tasks.demo_job',2,'[{\"changed\": {\"fields\": [\"run_at\"]}}]',21,1),(8,'2019-03-30 21:09:22.939967','27','BackgroundJobs.tasks.demo_job',3,'',21,1),(9,'2019-04-04 21:19:28.997570','8b64b9a7-0961-40e6-a695-9ea5260d1c8a','Token : 8b64b9a7-0961-40e6-a695-9ea5260d1c8a  ---  isTaken : 1',2,'[{\"changed\": {\"fields\": [\"token\"]}}]',13,1),(10,'2019-04-04 21:19:43.700249','8b64b9a7-0961-40e6-a695-9ea5260d1c8a','Token : 8b64b9a7-0961-40e6-a695-9ea5260d1c8a  ---  isTaken : 1',2,'[{\"changed\": {\"fields\": [\"token\"]}}]',13,1),(11,'2019-04-04 21:20:00.225950','8b64b9a7-0961-40e6-a695-9ea5260d1c8a','Token : 8b64b9a7-0961-40e6-a695-9ea5260d1c8a  ---  isTaken : 1',2,'[{\"changed\": {\"fields\": [\"token\"]}}]',13,1),(12,'2019-04-04 21:20:15.385138','8b64b9a7-0961-40e6-a695-9ea5260d1c8a','Token : 8b64b9a7-0961-40e6-a695-9ea5260d1c8a  ---  Mac : 28C63F2056CF',2,'[{\"changed\": {\"fields\": [\"token\"]}}]',12,1),(13,'2019-04-04 21:21:41.928733','15AS94D','Token : 15AS94D  ---  Mac : 28C63F2056CF',3,'',12,1),(14,'2019-04-04 21:21:58.669590','15AS94D','Token : 15AS94D  ---  isTaken : 1',3,'',13,1),(15,'2019-04-04 21:22:13.399351','f23ccef9-8088-4b50-9c9f-836badea7d34','Token : f23ccef9-8088-4b50-9c9f-836badea7d34  ---  isTaken : 1',2,'[{\"changed\": {\"fields\": [\"is_taken\"]}}]',13,1),(16,'2019-04-04 21:23:56.997376','f23ccef9-8088-4b50-9c9f-836badea7d34','Token : f23ccef9-8088-4b50-9c9f-836badea7d34  ---  Mac : 507b9d799bcc',1,'[{\"added\": {}}]',12,1),(17,'2019-04-06 02:17:26.809777','9CAD9702BC29','Mac : 9CAD9702BC29  ---   LastOnline : 2019-04-04 02:17:30',2,'[{\"changed\": {\"fields\": [\"online\"]}}]',8,1),(18,'2019-04-06 02:18:05.463333','9CAD9702BC29','Mac : 9CAD9702BC29  ---   LastOnline : 2019-04-06 02:18:20',2,'[{\"changed\": {\"fields\": [\"online\"]}}]',8,1),(19,'2019-04-06 02:21:33.610291','2','sudo',1,'[{\"added\": {}}]',4,1),(20,'2019-04-06 02:22:39.671187','2','sudo',2,'[{\"changed\": {\"fields\": [\"first_name\", \"last_name\", \"email\", \"is_staff\", \"is_superuser\", \"user_permissions\", \"last_login\"]}}]',4,1),(21,'2019-04-06 02:45:58.184923','9CAD9702BC29','Mac : 9CAD9702BC29  ---   LastOnline : 2019-04-08 02:18:20',2,'[{\"changed\": {\"fields\": [\"online\"]}}]',8,1),(22,'2019-04-06 03:36:51.485501','9CAD9702BC29','Mac : 9CAD9702BC29  ---  IP:192.168.1.20  ---  Mask : 255.255.255.0   (More details)',2,'[{\"changed\": {\"fields\": [\"ip_address\"]}}]',7,1),(23,'2019-04-06 07:57:21.065513','9CAD9702BC29','Mac : 9CAD9702BC29  ---   LastOnline : 2019-04-08 02:18:20',2,'[{\"changed\": {\"fields\": [\"boot_flag\", \"service_flag\", \"kill_flag\", \"script_flag\", \"boot_command\", \"service_name\", \"kill_name\", \"script\"]}}]',8,1),(24,'2019-04-06 17:34:11.772088','f23ccef9-8088-4b50-9c9f-836badea7d34','Token : f23ccef9-8088-4b50-9c9f-836badea7d34  ---  Mac : 507b9d799bcc',3,'',12,1),(25,'2019-04-06 17:34:11.845381','e6fff791-f427-4310-8ff0-dd85b61d00e2','Token : e6fff791-f427-4310-8ff0-dd85b61d00e2  ---  Mac : ff7b9d799b1c',3,'',12,1),(26,'2019-04-06 17:34:11.883470','8b64b9a7-0961-40e6-a695-9ea5260d1c8a','Token : 8b64b9a7-0961-40e6-a695-9ea5260d1c8a  ---  Mac : 28C63F2056CF',3,'',12,1),(27,'2019-04-06 17:34:34.034293','f23ccef9-8088-4b50-9c9f-836badea7d34','Token : f23ccef9-8088-4b50-9c9f-836badea7d34  ---  isTaken : 1',3,'',13,1),(28,'2019-04-06 17:34:34.196834','e6fff791-f427-4310-8ff0-dd85b61d00e2','Token : e6fff791-f427-4310-8ff0-dd85b61d00e2  ---  isTaken : 1',3,'',13,1),(29,'2019-04-06 17:34:34.235817','8b64b9a7-0961-40e6-a695-9ea5260d1c8a','Token : 8b64b9a7-0961-40e6-a695-9ea5260d1c8a  ---  isTaken : 1',3,'',13,1),(30,'2019-04-06 18:09:48.032703','9CAD9702BC29','Mac : 9CAD9702BC29  ---   LastOnline : 2019-04-06 18:07:23',2,'[{\"changed\": {\"fields\": [\"boot_flag\", \"script\"]}}]',8,1),(31,'2019-04-06 18:34:47.019220','9CAD9702BC29','Mac : 9CAD9702BC29  ---   LastOnline : 2019-04-06 18:26:12',2,'[{\"changed\": {\"fields\": [\"script\"]}}]',8,1),(32,'2019-04-07 17:52:53.240399','123','Src : 3232235786  ---  Dest : None  ---  Pkts : 1  ---  Bytes : 244   ',2,'[{\"changed\": {\"fields\": [\"ts\"]}}]',14,1),(33,'2019-04-07 17:53:38.914013','123','Src : 3232235786  ---  Dest : None  ---  Pkts : 1  ---  Bytes : 244   ',2,'[{\"changed\": {\"fields\": [\"ts\"]}}]',14,1),(34,'2019-04-07 17:54:02.909615','71','Src : 3232235786  ---  Dest : None  ---  Pkts : 15  ---  Bytes : 1740   ',2,'[{\"changed\": {\"fields\": [\"ts\"]}}]',14,1),(35,'2019-04-07 18:02:45.708983','118','Src : 3232235786  ---  Dest : None  ---  Pkts : 15  ---  Bytes : 1740   ',2,'[{\"changed\": {\"fields\": [\"ts\"]}}]',14,1),(36,'2019-04-07 18:03:27.668829','118','Src : 3232235786  ---  Dest : None  ---  Pkts : 15  ---  Bytes : 1740   ',2,'[{\"changed\": {\"fields\": [\"ts\"]}}]',14,1),(37,'2019-04-07 18:04:35.617698','119','Src : 3232235522  ---  Dest : None  ---  Pkts : 16  ---  Bytes : 2047   ',2,'[{\"changed\": {\"fields\": [\"ts\"]}}]',14,1),(38,'2019-04-07 18:07:07.067556','64','Src : 3232235786  ---  Dest : None  ---  Pkts : 16  ---  Bytes : 1780   ',2,'[{\"changed\": {\"fields\": [\"ts\"]}}]',14,1),(39,'2019-04-10 06:30:45.313722','120','Src : 3232235522  ---  Dest : None  ---  Pkts : 16  ---  Bytes : 2047   ',2,'[{\"changed\": {\"fields\": [\"ts\"]}}]',14,1),(40,'2019-04-10 06:32:02.928980','123','Src : 3232235786  ---  Dest : None  ---  Pkts : 1  ---  Bytes : 244   ',2,'[{\"changed\": {\"fields\": [\"ts\"]}}]',14,1);
/*!40000 ALTER TABLE `django_admin_log` ENABLE KEYS */;
UNLOCK TABLES;

--
-- Table structure for table `django_content_type`
--

DROP TABLE IF EXISTS `django_content_type`;
/*!40101 SET @saved_cs_client     = @@character_set_client */;
/*!40101 SET character_set_client = utf8 */;
CREATE TABLE `django_content_type` (
  `id` int(11) NOT NULL AUTO_INCREMENT,
  `app_label` varchar(100) NOT NULL,
  `model` varchar(100) NOT NULL,
  PRIMARY KEY (`id`),
  UNIQUE KEY `django_content_type_app_label_model_76bd3d3b_uniq` (`app_label`,`model`)
) ENGINE=InnoDB AUTO_INCREMENT=24 DEFAULT CHARSET=latin1;
/*!40101 SET character_set_client = @saved_cs_client */;

--
-- Dumping data for table `django_content_type`
--

LOCK TABLES `django_content_type` WRITE;
/*!40000 ALTER TABLE `django_content_type` DISABLE KEYS */;
INSERT INTO `django_content_type` VALUES (1,'admin','logentry'),(7,'AgentControl','deviceinfo'),(8,'AgentControl','execute'),(9,'AgentControl','openports'),(10,'AgentControl','processinfo'),(11,'AgentControl','servicesinfo'),(12,'AgentControl','token'),(13,'AgentControl','tokenstore'),(3,'auth','group'),(2,'auth','permission'),(4,'auth','user'),(22,'BackgroundJobs','networkportscanner'),(23,'BackgroundJobs','networksnifferscanner'),(20,'background_task','completedtask'),(21,'background_task','task'),(5,'contenttypes','contenttype'),(14,'PacketFlow','netflow'),(19,'PacketFlow','netflowv'),(6,'sessions','session'),(15,'Topology','topologybridge'),(16,'Topology','topologydevices'),(17,'Topology','topologyhardware'),(18,'Topology','topologyssh');
/*!40000 ALTER TABLE `django_content_type` ENABLE KEYS */;
UNLOCK TABLES;

--
-- Table structure for table `django_migrations`
--

DROP TABLE IF EXISTS `django_migrations`;
/*!40101 SET @saved_cs_client     = @@character_set_client */;
/*!40101 SET character_set_client = utf8 */;
CREATE TABLE `django_migrations` (
  `id` int(11) NOT NULL AUTO_INCREMENT,
  `app` varchar(255) NOT NULL,
  `name` varchar(255) NOT NULL,
  `applied` datetime(6) NOT NULL,
  PRIMARY KEY (`id`)
) ENGINE=InnoDB AUTO_INCREMENT=27 DEFAULT CHARSET=latin1;
/*!40101 SET character_set_client = @saved_cs_client */;

--
-- Dumping data for table `django_migrations`
--

LOCK TABLES `django_migrations` WRITE;
/*!40000 ALTER TABLE `django_migrations` DISABLE KEYS */;
INSERT INTO `django_migrations` VALUES (1,'AgentControl','0001_initial','2019-03-24 08:14:41.280506'),(2,'PacketFlow','0001_initial','2019-03-24 08:14:41.420444'),(3,'Topology','0001_initial','2019-03-24 08:14:41.480406'),(4,'contenttypes','0001_initial','2019-03-24 08:14:42.125059'),(5,'auth','0001_initial','2019-03-24 08:14:52.085175'),(6,'admin','0001_initial','2019-03-24 08:14:54.380976'),(7,'admin','0002_logentry_remove_auto_add','2019-03-24 08:14:54.425921'),(8,'admin','0003_logentry_add_action_flag_choices','2019-03-24 08:14:54.520869'),(9,'contenttypes','0002_remove_content_type_name','2019-03-24 08:14:56.050604'),(10,'auth','0002_alter_permission_name_max_length','2019-03-24 08:14:56.240553'),(11,'auth','0003_alter_user_email_max_length','2019-03-24 08:14:56.485417'),(12,'auth','0004_alter_user_username_opts','2019-03-24 08:14:56.565335'),(13,'auth','0005_alter_user_last_login_null','2019-03-24 08:14:57.250013'),(14,'auth','0006_require_contenttypes_0002','2019-03-24 08:14:57.334937'),(15,'auth','0007_alter_validators_add_error_messages','2019-03-24 08:14:57.424878'),(16,'auth','0008_alter_user_username_max_length','2019-03-24 08:14:57.614773'),(17,'auth','0009_alter_user_last_name_max_length','2019-03-24 08:14:58.085717'),(18,'sessions','0001_initial','2019-03-24 08:14:58.705616'),(19,'PacketFlow','0002_netflowv','2019-03-27 12:29:18.103989'),(20,'background_task','0001_initial','2019-03-30 18:30:30.180711'),(21,'background_task','0002_auto_20170927_1109','2019-03-30 19:03:46.807594'),(24,'BackgroundJobs','0001_initial','2019-03-31 14:07:25.222261'),(25,'BackgroundJobs','0002_auto_20190331_1918','2019-03-31 14:18:42.703976'),(26,'BackgroundJobs','0003_auto_20190331_1920','2019-03-31 14:20:23.699370');
/*!40000 ALTER TABLE `django_migrations` ENABLE KEYS */;
UNLOCK TABLES;

--
-- Table structure for table `django_session`
--

DROP TABLE IF EXISTS `django_session`;
/*!40101 SET @saved_cs_client     = @@character_set_client */;
/*!40101 SET character_set_client = utf8 */;
CREATE TABLE `django_session` (
  `session_key` varchar(40) NOT NULL,
  `session_data` longtext NOT NULL,
  `expire_date` datetime(6) NOT NULL,
  PRIMARY KEY (`session_key`),
  KEY `django_session_expire_date_a5c62663` (`expire_date`)
) ENGINE=InnoDB DEFAULT CHARSET=latin1;
/*!40101 SET character_set_client = @saved_cs_client */;

--
-- Dumping data for table `django_session`
--

LOCK TABLES `django_session` WRITE;
/*!40000 ALTER TABLE `django_session` DISABLE KEYS */;
INSERT INTO `django_session` VALUES ('9wukzbmmiqi8krjqizhvbqj22380o2og','MjVjY2JlN2QzNDhjYTUwNThjNTNjZDk4MjFkNjNkNjc2Mjg3ZjkwMTp7Il9hdXRoX3VzZXJfaWQiOiIxIiwiX2F1dGhfdXNlcl9iYWNrZW5kIjoiZGphbmdvLmNvbnRyaWIuYXV0aC5iYWNrZW5kcy5Nb2RlbEJhY2tlbmQiLCJfYXV0aF91c2VyX2hhc2giOiJjYThjMWU5MzA3NGQ3MWY5ZDJhYzg0ZDk1MzQ2MmFhN2IwNjg3ZGRjIn0=','2019-04-07 19:48:46.098463'),('aosllrb8e3k3gm0y0recq55p11bsccjq','MjVjY2JlN2QzNDhjYTUwNThjNTNjZDk4MjFkNjNkNjc2Mjg3ZjkwMTp7Il9hdXRoX3VzZXJfaWQiOiIxIiwiX2F1dGhfdXNlcl9iYWNrZW5kIjoiZGphbmdvLmNvbnRyaWIuYXV0aC5iYWNrZW5kcy5Nb2RlbEJhY2tlbmQiLCJfYXV0aF91c2VyX2hhc2giOiJjYThjMWU5MzA3NGQ3MWY5ZDJhYzg0ZDk1MzQ2MmFhN2IwNjg3ZGRjIn0=','2019-04-24 06:30:14.484807'),('pktveywfrtgd46o584gt5rt93eqd5q83','MjVjY2JlN2QzNDhjYTUwNThjNTNjZDk4MjFkNjNkNjc2Mjg3ZjkwMTp7Il9hdXRoX3VzZXJfaWQiOiIxIiwiX2F1dGhfdXNlcl9iYWNrZW5kIjoiZGphbmdvLmNvbnRyaWIuYXV0aC5iYWNrZW5kcy5Nb2RlbEJhY2tlbmQiLCJfYXV0aF91c2VyX2hhc2giOiJjYThjMWU5MzA3NGQ3MWY5ZDJhYzg0ZDk1MzQ2MmFhN2IwNjg3ZGRjIn0=','2019-04-07 08:40:58.323777'),('ydx8td846eh1y9p8mn666i9r7mc34l4s','MjVjY2JlN2QzNDhjYTUwNThjNTNjZDk4MjFkNjNkNjc2Mjg3ZjkwMTp7Il9hdXRoX3VzZXJfaWQiOiIxIiwiX2F1dGhfdXNlcl9iYWNrZW5kIjoiZGphbmdvLmNvbnRyaWIuYXV0aC5iYWNrZW5kcy5Nb2RlbEJhY2tlbmQiLCJfYXV0aF91c2VyX2hhc2giOiJjYThjMWU5MzA3NGQ3MWY5ZDJhYzg0ZDk1MzQ2MmFhN2IwNjg3ZGRjIn0=','2019-04-20 17:33:36.409103');
/*!40000 ALTER TABLE `django_session` ENABLE KEYS */;
UNLOCK TABLES;

--
-- Table structure for table `execute`
--

DROP TABLE IF EXISTS `execute`;
/*!40101 SET @saved_cs_client     = @@character_set_client */;
/*!40101 SET character_set_client = utf8 */;
CREATE TABLE `execute` (
  `mac_address` varchar(12) NOT NULL,
  `boot_flag` int(11) NOT NULL DEFAULT '0',
  `service_flag` int(11) NOT NULL DEFAULT '0',
  `kill_flag` int(11) NOT NULL DEFAULT '0',
  `script_flag` int(11) NOT NULL DEFAULT '0',
  `port_flag` int(11) NOT NULL DEFAULT '0',
  `boot_command` varchar(10) DEFAULT 'DONE',
  `service_name` varchar(50) DEFAULT 'DONE',
  `kill_name` varchar(50) DEFAULT 'DONE',
  `script` longtext,
  `portno` int(11) DEFAULT '4000',
  `online` datetime DEFAULT CURRENT_TIMESTAMP,
  PRIMARY KEY (`mac_address`),
  UNIQUE KEY `mac_add_UNIQUE` (`mac_address`)
) ENGINE=InnoDB DEFAULT CHARSET=utf8;
/*!40101 SET character_set_client = @saved_cs_client */;

--
-- Dumping data for table `execute`
--

LOCK TABLES `execute` WRITE;
/*!40000 ALTER TABLE `execute` DISABLE KEYS */;
INSERT INTO `execute` VALUES ('9CAD9702BC29',0,0,0,0,0,'restart','stopped','Done','Windows PowerShell \r\nCopyright (C) Microsoft Corporation. All rights reserved.\r\n\r\n\r\nPS C:UsersInspironPCSourceReposMIB_AgentMIBAgentinDebug> netstat -a\r\n\r\nActive Connections\r\n\r\n  Proto  Local Address          Foreign Address        State\r\n  TCP    0.0.0.0:135            DESKTOP-VLH7VHC:0      LISTENING\r\n  TCP    0.0.0.0:445            DESKTOP-VLH7VHC:0      LISTENING\r\n  TCP    0.0.0.0:5040           DESKTOP-VLH7VHC:0      LISTENING\r\n  TCP    0.0.0.0:8733           DESKTOP-VLH7VHC:0      LISTENING\r\n  TCP    0.0.0.0:49664          DESKTOP-VLH7VHC:0      LISTENING\r\n  TCP    0.0.0.0:49665          DESKTOP-VLH7VHC:0      LISTENING\r\n  TCP    0.0.0.0:49666          DESKTOP-VLH7VHC:0      LISTENING\r\n  TCP    0.0.0.0:49667          DESKTOP-VLH7VHC:0      LISTENING\r\n  TCP    0.0.0.0:49668          DESKTOP-VLH7VHC:0      LISTENING\r\n  TCP    0.0.0.0:49671          DESKTOP-VLH7VHC:0      LISTENING\r\n  TCP    127.0.0.1:1001         DESKTOP-VLH7VHC:0      LISTENING\r\n  TCP    127.0.0.1:49681        DESKTOP-VLH7VHC:0      LISTENING\r\n  TCP    192.168.1.16:139       DESKTOP-VLH7VHC:0      LISTENING\r\n  TCP    192.168.1.16:49675     52.230.84.0:https      ESTABLISHED\r\n  TCP    192.168.1.16:49720     104.211.224.190:9354   ESTABLISHED\r\n  TCP    192.168.1.16:49773     65.55.44.109:https     ESTABLISHED\r\n  TCP    192.168.1.16:49785     52.114.132.73:https    TIME_WAIT\r\n  TCP    192.168.1.16:49788     192.168.1.20:8000      TIME_WAIT\r\n  TCP    192.168.1.16:49789     192.168.1.20:3306      ESTABLISHED\r\n  TCP    [::]:135               DESKTOP-VLH7VHC:0      LISTENING\r\n  TCP    [::]:445               DESKTOP-VLH7VHC:0      LISTENING\r\n  TCP    [::]:8733              DESKTOP-VLH7VHC:0      LISTENING\r\n  TCP    [::]:49664             DESKTOP-VLH7VHC:0      LISTENING\r\n  TCP    [::]:49665             DESKTOP-VLH7VHC:0      LISTENING\r\n  TCP    [::]:49666             DESKTOP-VLH7VHC:0      LISTENING\r\n  TCP    [::]:49667             DESKTOP-VLH7VHC:0      LISTENING\r\n  TCP    [::]:49668             DESKTOP-VLH7VHC:0      LISTENING\r\n  TCP    [::]:49671             DESKTOP-VLH7VHC:0      LISTENING\r\n  UDP    0.0.0.0:5050           *:*                    \r\n  UDP    0.0.0.0:5353           *:*                    \r\n  UDP    0.0.0.0:5355           *:*                    \r\n  UDP    127.0.0.1:1900         *:*                    \r\n  UDP    127.0.0.1:49664        *:*                    \r\n  UDP    127.0.0.1:61708        *:*                    \r\n  UDP    192.168.1.16:137       *:*                    \r\n  UDP    192.168.1.16:138       *:*                    \r\n  UDP    192.168.1.16:1900      *:*                    \r\n  UDP    192.168.1.16:61707     *:*                    \r\n  UDP    [::]:5353              *:*                    \r\n  UDP    [::]:5355              *:*                    \r\n  UDP    [::1]:1900             *:*                    \r\n  UDP    [::1]:61706            *:*                    \r\n  UDP    [fe80::90bf:9f60:b8a2:318b%8]:1900  *:*                    \r\n  UDP    [fe80::90bf:9f60:b8a2:318b%8]:61705  *:*                    \r\n\r\nPS C:UsersInspironPCSourceReposMIB_AgentMIBAgentinDebug> ',0,'2019-04-06 18:55:07'),('B82A72B84197',0,0,0,0,0,'sleep','started','Done','Windows PowerShell \r\nCopyright (C) Microsoft Corporation. All rights reserved.\r\n\r\n\r\nPS C:UsersInspironPCSourceReposMIB_AgentMIBAgentinDebug> ipconfig\r\n\r\nWindows IP Configuration\r\n\r\n\r\nWireless LAN adapter Local Area Connection* 2:\r\n\r\n   Media State . . . . . . . . . . . : Media disconnected\r\n   Connection-specific DNS Suffix  . : \r\n\r\nWireless LAN adapter Local Area Connection* 3:\r\n\r\n   Media State . . . . . . . . . . . : Media disconnected\r\n   Connection-specific DNS Suffix  . : \r\n\r\nEthernet adapter Ethernet:\r\n\r\n   Connection-specific DNS Suffix  . : \r\n   Link-local IPv6 Address . . . . . : fe80::5daa:a234:6f40:6d93%6\r\n   IPv4 Address. . . . . . . . . . . : 192.168.1.13\r\n   Subnet Mask . . . . . . . . . . . : 255.255.255.0\r\n   Default Gateway . . . . . . . . . : 192.168.1.1\r\n\r\nEthernet adapter Ethernet 2:\r\n\r\n   Media State . . . . . . . . . . . : Media disconnected\r\n   Connection-specific DNS Suffix  . : \r\n\r\nWireless LAN adapter Wi-Fi:\r\n\r\n   Media State . . . . . . . . . . . : Media disconnected\r\n   Connection-specific DNS Suffix  . : Home\r\n\r\nEthernet adapter Bluetooth Network Connection:\r\n\r\n   Media State . . . . . . . . . . . : Media disconnected\r\n   Connection-specific DNS Suffix  . : \r\n\r\nPS C:UsersInspironPCSourceReposMIB_AgentMIBAgentinDebug> ',0,'2019-04-11 12:29:51');
/*!40000 ALTER TABLE `execute` ENABLE KEYS */;
UNLOCK TABLES;

--
-- Table structure for table `ipc`
--

DROP TABLE IF EXISTS `ipc`;
/*!40101 SET @saved_cs_client     = @@character_set_client */;
/*!40101 SET character_set_client = utf8 */;
CREATE TABLE `ipc` (
  `id` int(10) unsigned NOT NULL AUTO_INCREMENT,
  `mutex` int(11) DEFAULT '0',
  `topology` json DEFAULT NULL,
  `path_graph` json DEFAULT NULL,
  `network_devices` json DEFAULT NULL,
  `routers_interface` json DEFAULT NULL,
  `interface_list` json DEFAULT NULL,
  `interface_speed` json DEFAULT NULL,
  `updated` datetime DEFAULT CURRENT_TIMESTAMP,
  PRIMARY KEY (`id`)
) ENGINE=InnoDB DEFAULT CHARSET=latin1;
/*!40101 SET character_set_client = @saved_cs_client */;

--
-- Dumping data for table `ipc`
--

LOCK TABLES `ipc` WRITE;
/*!40000 ALTER TABLE `ipc` DISABLE KEYS */;
/*!40000 ALTER TABLE `ipc` ENABLE KEYS */;
UNLOCK TABLES;

--
-- Table structure for table `netflow`
--

DROP TABLE IF EXISTS `netflow`;
/*!40101 SET @saved_cs_client     = @@character_set_client */;
/*!40101 SET character_set_client = utf8 */;
CREATE TABLE `netflow` (
  `id` int(11) NOT NULL AUTO_INCREMENT,
  `version` tinyint(4) NOT NULL,
  `reporter` int(10) unsigned NOT NULL,
  `src_id` smallint(5) unsigned NOT NULL,
  `time_offset` int(10) unsigned NOT NULL,
  `in_bytes` bigint(20) unsigned DEFAULT NULL,
  `input_snmp` int(10) unsigned DEFAULT NULL,
  `layer2packetsectionoffset` int(10) unsigned DEFAULT NULL,
  `layer2packetsectionsize` int(10) unsigned DEFAULT NULL,
  `layer2packetsectiondata` int(10) unsigned DEFAULT NULL,
  `l4_dst_port` smallint(5) unsigned DEFAULT NULL,
  `ipv4_dst_addr` int(10) unsigned DEFAULT NULL,
  `dst_mask` tinyint(3) unsigned DEFAULT NULL,
  `output_snmp` int(10) unsigned DEFAULT NULL,
  `ipv4_next_hop` int(10) unsigned DEFAULT NULL,
  `src_as` int(10) unsigned DEFAULT NULL,
  `dst_as` int(10) unsigned DEFAULT NULL,
  `bgp_ipv4_next_hop` int(10) unsigned DEFAULT NULL,
  `mul_dst_pkts` int(10) unsigned DEFAULT NULL,
  `in_pkts` bigint(20) unsigned DEFAULT NULL,
  `mul_dst_bytes` int(10) unsigned DEFAULT NULL,
  `last_switched` int(10) unsigned DEFAULT NULL,
  `first_switched` int(10) unsigned DEFAULT NULL,
  `out_bytes` int(10) unsigned DEFAULT NULL,
  `out_pkts` int(10) unsigned DEFAULT NULL,
  `min_pkt_lngth` smallint(5) unsigned DEFAULT NULL,
  `max_pkt_lngth` smallint(5) unsigned DEFAULT NULL,
  `ipv6_src_addr` varbinary(16) DEFAULT NULL,
  `ipv6_dst_addr` varbinary(16) DEFAULT NULL,
  `ipv6_src_mask` tinyint(3) unsigned DEFAULT NULL,
  `flows` bigint(20) unsigned DEFAULT NULL,
  `ipv6_dst_mask` tinyint(3) unsigned DEFAULT NULL,
  `ipv6_flow_label` int(10) unsigned DEFAULT NULL,
  `icmp_type` smallint(5) unsigned DEFAULT NULL,
  `mul_igmp_type` tinyint(3) unsigned DEFAULT NULL,
  `sampling_interval` int(10) unsigned DEFAULT NULL,
  `sampling_algorithm` tinyint(3) unsigned DEFAULT NULL,
  `flow_active_timeout` smallint(5) unsigned DEFAULT NULL,
  `flow_inactive_timeout` smallint(5) unsigned DEFAULT NULL,
  `engine_type` tinyint(3) unsigned DEFAULT NULL,
  `engine_id` tinyint(3) unsigned DEFAULT NULL,
  `protocol` tinyint(3) unsigned DEFAULT NULL,
  `total_bytes_exp` bigint(20) unsigned DEFAULT NULL,
  `total_pkts_exp` bigint(20) unsigned DEFAULT NULL,
  `total_flows_exp` bigint(20) unsigned DEFAULT NULL,
  `ipv4_src_prefix` int(10) unsigned DEFAULT NULL,
  `ipv4_dst_prefix` int(10) unsigned DEFAULT NULL,
  `mpls_top_label_type` tinyint(3) unsigned DEFAULT NULL,
  `mpls_top_label_ip_addr` int(10) unsigned DEFAULT NULL,
  `flow_sampler_id` tinyint(3) unsigned DEFAULT NULL,
  `flow_sampler_mode` tinyint(3) unsigned DEFAULT NULL,
  `src_tos` tinyint(3) unsigned DEFAULT NULL,
  `flow_sampler_random_interval` int(10) unsigned DEFAULT NULL,
  `min_ttl` tinyint(3) unsigned DEFAULT NULL,
  `max_ttl` tinyint(3) unsigned DEFAULT NULL,
  `ipv4_ident` smallint(5) unsigned DEFAULT NULL,
  `dst_tos` tinyint(3) unsigned DEFAULT NULL,
  `in_src_mac` bigint(20) unsigned DEFAULT NULL,
  `out_dst_mac` bigint(20) unsigned DEFAULT NULL,
  `src_vlan` smallint(5) unsigned DEFAULT NULL,
  `dst_vlan` smallint(5) unsigned DEFAULT NULL,
  `tcp_flags` tinyint(3) unsigned DEFAULT NULL,
  `ip_protocol_version` tinyint(3) unsigned DEFAULT NULL,
  `direction` tinyint(3) unsigned DEFAULT NULL,
  `ipv6_next_hop` binary(16) DEFAULT NULL,
  `bgp_ipv6_next_hop` binary(16) DEFAULT NULL,
  `ipv6_option_headers` int(10) unsigned DEFAULT NULL,
  `l4_src_port` smallint(5) unsigned DEFAULT NULL,
  `mpls_label_1` int(10) unsigned DEFAULT NULL,
  `mpls_label_2` int(10) unsigned DEFAULT NULL,
  `mpls_label_3` int(10) unsigned DEFAULT NULL,
  `mpls_label_4` int(10) unsigned DEFAULT NULL,
  `mpls_label_5` int(10) unsigned DEFAULT NULL,
  `mpls_label_6` int(10) unsigned DEFAULT NULL,
  `mpls_label_7` int(10) unsigned DEFAULT NULL,
  `mpls_label_8` int(10) unsigned DEFAULT NULL,
  `mpls_label_9` int(10) unsigned DEFAULT NULL,
  `mpls_label_10` int(10) unsigned DEFAULT NULL,
  `ipv4_src_addr` int(10) unsigned DEFAULT NULL,
  `in_dst_mac` bigint(20) unsigned DEFAULT NULL,
  `out_src_mac` bigint(20) unsigned DEFAULT NULL,
  `if_name` varbinary(80) DEFAULT NULL,
  `if_desc` varbinary(256) DEFAULT NULL,
  `sampler_name` varbinary(256) DEFAULT NULL,
  `in_permanent_bytes` bigint(20) unsigned DEFAULT NULL,
  `in_permanent_pkts` bigint(20) unsigned DEFAULT NULL,
  `fragment_offset` smallint(5) unsigned DEFAULT NULL,
  `forwarding_status` tinyint(3) unsigned DEFAULT NULL,
  `src_mask` tinyint(3) unsigned DEFAULT NULL,
  `mpls_pal_rd` bigint(20) unsigned DEFAULT NULL,
  `mpls_prefix_len` tinyint(3) unsigned DEFAULT NULL,
  `src_traffic_index` int(10) unsigned DEFAULT NULL,
  `dst_traffic_index` int(10) unsigned DEFAULT NULL,
  `application_description` varbinary(256) DEFAULT NULL,
  `application_tag` varbinary(256) DEFAULT NULL,
  `application_name` varbinary(256) DEFAULT NULL,
  `postipdiffservcodepoint` tinyint(3) unsigned DEFAULT NULL,
  `replication_factor` int(10) unsigned DEFAULT NULL,
  `ts` datetime DEFAULT CURRENT_TIMESTAMP,
  PRIMARY KEY (`id`),
  KEY `ts` (`ts`)
) ENGINE=InnoDB AUTO_INCREMENT=1847 DEFAULT CHARSET=latin1;
/*!40101 SET character_set_client = @saved_cs_client */;

--
-- Dumping data for table `netflow`
--

LOCK TABLES `netflow` WRITE;
/*!40000 ALTER TABLE `netflow` DISABLE KEYS */;
INSERT INTO `netflow` VALUES (1825,9,3232235777,0,1554949023,131,2,NULL,NULL,NULL,11661,3232436871,0,0,0,0,0,NULL,NULL,1,NULL,5956780,5956780,NULL,NULL,NULL,NULL,NULL,NULL,NULL,NULL,NULL,NULL,NULL,NULL,NULL,NULL,NULL,NULL,NULL,NULL,17,NULL,NULL,NULL,NULL,NULL,NULL,NULL,0,NULL,0,NULL,NULL,NULL,NULL,NULL,NULL,NULL,NULL,NULL,16,NULL,0,NULL,NULL,NULL,60892,NULL,NULL,NULL,NULL,NULL,NULL,NULL,NULL,NULL,NULL,3232235786,NULL,NULL,NULL,NULL,NULL,NULL,NULL,NULL,NULL,24,NULL,NULL,NULL,NULL,NULL,NULL,NULL,NULL,NULL,'2019-04-11 12:31:13'),(1826,9,3232235777,0,1554949023,1972,2,NULL,NULL,NULL,22,3232235777,24,0,0,0,0,NULL,NULL,17,NULL,5967264,5966472,NULL,NULL,NULL,NULL,NULL,NULL,NULL,NULL,NULL,NULL,NULL,NULL,NULL,NULL,NULL,NULL,NULL,NULL,6,NULL,NULL,NULL,NULL,NULL,NULL,NULL,0,NULL,0,NULL,NULL,NULL,NULL,NULL,NULL,NULL,NULL,NULL,30,NULL,0,NULL,NULL,NULL,58306,NULL,NULL,NULL,NULL,NULL,NULL,NULL,NULL,NULL,NULL,3232235786,NULL,NULL,NULL,NULL,NULL,NULL,NULL,NULL,NULL,24,NULL,NULL,NULL,NULL,NULL,NULL,NULL,NULL,NULL,'2019-04-11 12:31:13'),(1827,9,3232235777,0,1554949023,1740,2,NULL,NULL,NULL,22,3232235522,24,4,3232235522,0,0,NULL,NULL,15,NULL,5968076,5967276,NULL,NULL,NULL,NULL,NULL,NULL,NULL,NULL,NULL,NULL,NULL,NULL,NULL,NULL,NULL,NULL,NULL,NULL,6,NULL,NULL,NULL,NULL,NULL,NULL,NULL,0,NULL,0,NULL,NULL,NULL,NULL,NULL,NULL,NULL,NULL,NULL,30,NULL,0,NULL,NULL,NULL,58307,NULL,NULL,NULL,NULL,NULL,NULL,NULL,NULL,NULL,NULL,3232235786,NULL,NULL,NULL,NULL,NULL,NULL,NULL,NULL,NULL,24,NULL,NULL,NULL,NULL,NULL,NULL,NULL,NULL,NULL,'2019-04-11 12:31:13'),(1828,9,3232235777,0,1554949023,2047,4,NULL,NULL,NULL,58307,3232235786,24,2,3232235786,0,0,NULL,NULL,16,NULL,5968072,5967276,NULL,NULL,NULL,NULL,NULL,NULL,NULL,NULL,NULL,NULL,NULL,NULL,NULL,NULL,NULL,NULL,NULL,NULL,6,NULL,NULL,NULL,NULL,NULL,NULL,NULL,0,NULL,192,NULL,NULL,NULL,NULL,NULL,NULL,NULL,NULL,NULL,25,NULL,0,NULL,NULL,NULL,22,NULL,NULL,NULL,NULL,NULL,NULL,NULL,NULL,NULL,NULL,3232235522,NULL,NULL,NULL,NULL,NULL,NULL,NULL,NULL,NULL,24,NULL,NULL,NULL,NULL,NULL,NULL,NULL,NULL,NULL,'2019-04-11 12:31:13'),(1829,9,3232235777,0,1554949023,2047,4,NULL,NULL,NULL,58307,3232235786,24,2,3232235786,0,0,NULL,NULL,16,NULL,5968072,5967276,NULL,NULL,NULL,NULL,NULL,NULL,NULL,NULL,NULL,NULL,NULL,NULL,NULL,NULL,NULL,NULL,NULL,NULL,6,NULL,NULL,NULL,NULL,NULL,NULL,NULL,0,NULL,192,NULL,NULL,NULL,NULL,NULL,NULL,NULL,NULL,NULL,25,NULL,1,NULL,NULL,NULL,22,NULL,NULL,NULL,NULL,NULL,NULL,NULL,NULL,NULL,NULL,3232235522,NULL,NULL,NULL,NULL,NULL,NULL,NULL,NULL,NULL,24,NULL,NULL,NULL,NULL,NULL,NULL,NULL,NULL,NULL,'2019-04-11 12:31:13'),(1830,9,3232235777,0,1554949023,3116,2,NULL,NULL,NULL,22,3232235522,24,4,3232235522,0,0,NULL,NULL,43,NULL,5971924,5968080,NULL,NULL,NULL,NULL,NULL,NULL,NULL,NULL,NULL,NULL,NULL,NULL,NULL,NULL,NULL,NULL,NULL,NULL,6,NULL,NULL,NULL,NULL,NULL,NULL,NULL,0,NULL,0,NULL,NULL,NULL,NULL,NULL,NULL,NULL,NULL,NULL,27,NULL,0,NULL,NULL,NULL,58308,NULL,NULL,NULL,NULL,NULL,NULL,NULL,NULL,NULL,NULL,3232235786,NULL,NULL,NULL,NULL,NULL,NULL,NULL,NULL,NULL,24,NULL,NULL,NULL,NULL,NULL,NULL,NULL,NULL,NULL,'2019-04-11 12:31:14'),(1831,9,3232235777,0,1554949023,6051,4,NULL,NULL,NULL,58308,3232235786,24,2,3232235786,0,0,NULL,NULL,62,NULL,5971920,5968084,NULL,NULL,NULL,NULL,NULL,NULL,NULL,NULL,NULL,NULL,NULL,NULL,NULL,NULL,NULL,NULL,NULL,NULL,6,NULL,NULL,NULL,NULL,NULL,NULL,NULL,0,NULL,192,NULL,NULL,NULL,NULL,NULL,NULL,NULL,NULL,NULL,25,NULL,0,NULL,NULL,NULL,22,NULL,NULL,NULL,NULL,NULL,NULL,NULL,NULL,NULL,NULL,3232235522,NULL,NULL,NULL,NULL,NULL,NULL,NULL,NULL,NULL,24,NULL,NULL,NULL,NULL,NULL,NULL,NULL,NULL,NULL,'2019-04-11 12:31:14'),(1832,9,3232235777,0,1554949023,6051,4,NULL,NULL,NULL,58308,3232235786,24,2,3232235786,0,0,NULL,NULL,62,NULL,5971920,5968084,NULL,NULL,NULL,NULL,NULL,NULL,NULL,NULL,NULL,NULL,NULL,NULL,NULL,NULL,NULL,NULL,NULL,NULL,6,NULL,NULL,NULL,NULL,NULL,NULL,NULL,0,NULL,192,NULL,NULL,NULL,NULL,NULL,NULL,NULL,NULL,NULL,25,NULL,1,NULL,NULL,NULL,22,NULL,NULL,NULL,NULL,NULL,NULL,NULL,NULL,NULL,NULL,3232235522,NULL,NULL,NULL,NULL,NULL,NULL,NULL,NULL,NULL,24,NULL,NULL,NULL,NULL,NULL,NULL,NULL,NULL,NULL,'2019-04-11 12:31:14'),(1833,9,3232235777,0,1554949023,131,2,NULL,NULL,NULL,45587,1453172028,0,0,0,0,0,NULL,NULL,1,NULL,5963760,5963760,NULL,NULL,NULL,NULL,NULL,NULL,NULL,NULL,NULL,NULL,NULL,NULL,NULL,NULL,NULL,NULL,NULL,NULL,17,NULL,NULL,NULL,NULL,NULL,NULL,NULL,0,NULL,0,NULL,NULL,NULL,NULL,NULL,NULL,NULL,NULL,NULL,16,NULL,0,NULL,NULL,NULL,60892,NULL,NULL,NULL,NULL,NULL,NULL,NULL,NULL,NULL,NULL,3232235786,NULL,NULL,NULL,NULL,NULL,NULL,NULL,NULL,NULL,24,NULL,NULL,NULL,NULL,NULL,NULL,NULL,NULL,NULL,'2019-04-11 12:31:14'),(1834,9,3232235777,0,1554949023,1836,2,NULL,NULL,NULL,22,3232235522,24,4,3232235522,0,0,NULL,NULL,17,NULL,5973864,5973032,NULL,NULL,NULL,NULL,NULL,NULL,NULL,NULL,NULL,NULL,NULL,NULL,NULL,NULL,NULL,NULL,NULL,NULL,6,NULL,NULL,NULL,NULL,NULL,NULL,NULL,0,NULL,0,NULL,NULL,NULL,NULL,NULL,NULL,NULL,NULL,NULL,30,NULL,0,NULL,NULL,NULL,58334,NULL,NULL,NULL,NULL,NULL,NULL,NULL,NULL,NULL,NULL,3232235786,NULL,NULL,NULL,NULL,NULL,NULL,NULL,NULL,NULL,24,NULL,NULL,NULL,NULL,NULL,NULL,NULL,NULL,NULL,'2019-04-11 12:31:14'),(1835,9,3232235777,0,1554949023,3075,4,NULL,NULL,NULL,58334,3232235786,24,2,3232235786,0,0,NULL,NULL,18,NULL,5973864,5973036,NULL,NULL,NULL,NULL,NULL,NULL,NULL,NULL,NULL,NULL,NULL,NULL,NULL,NULL,NULL,NULL,NULL,NULL,6,NULL,NULL,NULL,NULL,NULL,NULL,NULL,0,NULL,192,NULL,NULL,NULL,NULL,NULL,NULL,NULL,NULL,NULL,25,NULL,0,NULL,NULL,NULL,22,NULL,NULL,NULL,NULL,NULL,NULL,NULL,NULL,NULL,NULL,3232235522,NULL,NULL,NULL,NULL,NULL,NULL,NULL,NULL,NULL,24,NULL,NULL,NULL,NULL,NULL,NULL,NULL,NULL,NULL,'2019-04-11 12:31:14'),(1836,9,3232235777,0,1554949023,3075,4,NULL,NULL,NULL,58334,3232235786,24,2,3232235786,0,0,NULL,NULL,18,NULL,5973864,5973036,NULL,NULL,NULL,NULL,NULL,NULL,NULL,NULL,NULL,NULL,NULL,NULL,NULL,NULL,NULL,NULL,NULL,NULL,6,NULL,NULL,NULL,NULL,NULL,NULL,NULL,0,NULL,192,NULL,NULL,NULL,NULL,NULL,NULL,NULL,NULL,NULL,25,NULL,1,NULL,NULL,NULL,22,NULL,NULL,NULL,NULL,NULL,NULL,NULL,NULL,NULL,NULL,3232235522,NULL,NULL,NULL,NULL,NULL,NULL,NULL,NULL,NULL,24,NULL,NULL,NULL,NULL,NULL,NULL,NULL,NULL,NULL,'2019-04-11 12:31:14'),(1837,9,3232235777,0,1554949023,44,4,NULL,NULL,NULL,58307,3232235786,24,2,3232235786,0,0,NULL,NULL,1,NULL,5967276,5967276,NULL,NULL,NULL,NULL,NULL,NULL,NULL,NULL,NULL,NULL,NULL,NULL,NULL,NULL,NULL,NULL,NULL,NULL,6,NULL,NULL,NULL,NULL,NULL,NULL,NULL,0,NULL,0,NULL,NULL,NULL,NULL,NULL,NULL,NULL,NULL,NULL,18,NULL,0,NULL,NULL,NULL,22,NULL,NULL,NULL,NULL,NULL,NULL,NULL,NULL,NULL,NULL,3232235522,NULL,NULL,NULL,NULL,NULL,NULL,NULL,NULL,NULL,24,NULL,NULL,NULL,NULL,NULL,NULL,NULL,NULL,NULL,'2019-04-11 12:31:14'),(1838,9,3232235777,0,1554949023,44,4,NULL,NULL,NULL,58307,3232235786,24,2,3232235786,0,0,NULL,NULL,1,NULL,5967276,5967276,NULL,NULL,NULL,NULL,NULL,NULL,NULL,NULL,NULL,NULL,NULL,NULL,NULL,NULL,NULL,NULL,NULL,NULL,6,NULL,NULL,NULL,NULL,NULL,NULL,NULL,0,NULL,0,NULL,NULL,NULL,NULL,NULL,NULL,NULL,NULL,NULL,18,NULL,1,NULL,NULL,NULL,22,NULL,NULL,NULL,NULL,NULL,NULL,NULL,NULL,NULL,NULL,3232235522,NULL,NULL,NULL,NULL,NULL,NULL,NULL,NULL,NULL,24,NULL,NULL,NULL,NULL,NULL,NULL,NULL,NULL,NULL,'2019-04-11 12:31:14'),(1839,9,3232235777,0,1554949023,44,4,NULL,NULL,NULL,58308,3232235786,24,2,3232235786,0,0,NULL,NULL,1,NULL,5968084,5968084,NULL,NULL,NULL,NULL,NULL,NULL,NULL,NULL,NULL,NULL,NULL,NULL,NULL,NULL,NULL,NULL,NULL,NULL,6,NULL,NULL,NULL,NULL,NULL,NULL,NULL,0,NULL,0,NULL,NULL,NULL,NULL,NULL,NULL,NULL,NULL,NULL,18,NULL,0,NULL,NULL,NULL,22,NULL,NULL,NULL,NULL,NULL,NULL,NULL,NULL,NULL,NULL,3232235522,NULL,NULL,NULL,NULL,NULL,NULL,NULL,NULL,NULL,24,NULL,NULL,NULL,NULL,NULL,NULL,NULL,NULL,NULL,'2019-04-11 12:31:14'),(1840,9,3232235777,0,1554949023,44,4,NULL,NULL,NULL,58308,3232235786,24,2,3232235786,0,0,NULL,NULL,1,NULL,5968084,5968084,NULL,NULL,NULL,NULL,NULL,NULL,NULL,NULL,NULL,NULL,NULL,NULL,NULL,NULL,NULL,NULL,NULL,NULL,6,NULL,NULL,NULL,NULL,NULL,NULL,NULL,0,NULL,0,NULL,NULL,NULL,NULL,NULL,NULL,NULL,NULL,NULL,18,NULL,1,NULL,NULL,NULL,22,NULL,NULL,NULL,NULL,NULL,NULL,NULL,NULL,NULL,NULL,3232235522,NULL,NULL,NULL,NULL,NULL,NULL,NULL,NULL,NULL,24,NULL,NULL,NULL,NULL,NULL,NULL,NULL,NULL,NULL,'2019-04-11 12:31:14'),(1841,9,3232235777,0,1554949023,131,2,NULL,NULL,NULL,26100,3463734327,0,0,0,0,0,NULL,NULL,1,NULL,5970784,5970784,NULL,NULL,NULL,NULL,NULL,NULL,NULL,NULL,NULL,NULL,NULL,NULL,NULL,NULL,NULL,NULL,NULL,NULL,17,NULL,NULL,NULL,NULL,NULL,NULL,NULL,0,NULL,0,NULL,NULL,NULL,NULL,NULL,NULL,NULL,NULL,NULL,16,NULL,0,NULL,NULL,NULL,60892,NULL,NULL,NULL,NULL,NULL,NULL,NULL,NULL,NULL,NULL,3232235786,NULL,NULL,NULL,NULL,NULL,NULL,NULL,NULL,NULL,24,NULL,NULL,NULL,NULL,NULL,NULL,NULL,NULL,NULL,'2019-04-11 12:31:27'),(1842,9,3232235777,0,1554949023,44,4,NULL,NULL,NULL,58334,3232235786,24,2,3232235786,0,0,NULL,NULL,1,NULL,5973032,5973032,NULL,NULL,NULL,NULL,NULL,NULL,NULL,NULL,NULL,NULL,NULL,NULL,NULL,NULL,NULL,NULL,NULL,NULL,6,NULL,NULL,NULL,NULL,NULL,NULL,NULL,0,NULL,0,NULL,NULL,NULL,NULL,NULL,NULL,NULL,NULL,NULL,18,NULL,0,NULL,NULL,NULL,22,NULL,NULL,NULL,NULL,NULL,NULL,NULL,NULL,NULL,NULL,3232235522,NULL,NULL,NULL,NULL,NULL,NULL,NULL,NULL,NULL,24,NULL,NULL,NULL,NULL,NULL,NULL,NULL,NULL,NULL,'2019-04-11 12:31:27'),(1843,9,3232235777,0,1554949023,44,4,NULL,NULL,NULL,58334,3232235786,24,2,3232235786,0,0,NULL,NULL,1,NULL,5973032,5973032,NULL,NULL,NULL,NULL,NULL,NULL,NULL,NULL,NULL,NULL,NULL,NULL,NULL,NULL,NULL,NULL,NULL,NULL,6,NULL,NULL,NULL,NULL,NULL,NULL,NULL,0,NULL,0,NULL,NULL,NULL,NULL,NULL,NULL,NULL,NULL,NULL,18,NULL,1,NULL,NULL,NULL,22,NULL,NULL,NULL,NULL,NULL,NULL,NULL,NULL,NULL,NULL,3232235522,NULL,NULL,NULL,NULL,NULL,NULL,NULL,NULL,NULL,24,NULL,NULL,NULL,NULL,NULL,NULL,NULL,NULL,NULL,'2019-04-11 12:31:27'),(1844,9,3232235777,0,1554949023,131,2,NULL,NULL,NULL,20027,1841923462,0,0,0,0,0,NULL,NULL,1,NULL,5977776,5977776,NULL,NULL,NULL,NULL,NULL,NULL,NULL,NULL,NULL,NULL,NULL,NULL,NULL,NULL,NULL,NULL,NULL,NULL,17,NULL,NULL,NULL,NULL,NULL,NULL,NULL,0,NULL,0,NULL,NULL,NULL,NULL,NULL,NULL,NULL,NULL,NULL,16,NULL,0,NULL,NULL,NULL,60892,NULL,NULL,NULL,NULL,NULL,NULL,NULL,NULL,NULL,NULL,3232235786,NULL,NULL,NULL,NULL,NULL,NULL,NULL,NULL,NULL,24,NULL,NULL,NULL,NULL,NULL,NULL,NULL,NULL,NULL,'2019-04-11 12:31:27'),(1845,9,3232235777,0,1554949023,131,2,NULL,NULL,NULL,27554,1349684301,0,0,0,0,0,NULL,NULL,1,NULL,5984760,5984760,NULL,NULL,NULL,NULL,NULL,NULL,NULL,NULL,NULL,NULL,NULL,NULL,NULL,NULL,NULL,NULL,NULL,NULL,17,NULL,NULL,NULL,NULL,NULL,NULL,NULL,0,NULL,0,NULL,NULL,NULL,NULL,NULL,NULL,NULL,NULL,NULL,16,NULL,0,NULL,NULL,NULL,60892,NULL,NULL,NULL,NULL,NULL,NULL,NULL,NULL,NULL,NULL,3232235786,NULL,NULL,NULL,NULL,NULL,NULL,NULL,NULL,NULL,24,NULL,NULL,NULL,NULL,NULL,NULL,NULL,NULL,NULL,'2019-04-11 12:31:41'),(1846,9,3232235777,0,1554949023,131,2,NULL,NULL,NULL,14476,1318732843,0,0,0,0,0,NULL,NULL,1,NULL,5991808,5991808,NULL,NULL,NULL,NULL,NULL,NULL,NULL,NULL,NULL,NULL,NULL,NULL,NULL,NULL,NULL,NULL,NULL,NULL,17,NULL,NULL,NULL,NULL,NULL,NULL,NULL,0,NULL,0,NULL,NULL,NULL,NULL,NULL,NULL,NULL,NULL,NULL,16,NULL,0,NULL,NULL,NULL,60892,NULL,NULL,NULL,NULL,NULL,NULL,NULL,NULL,NULL,NULL,3232235786,NULL,NULL,NULL,NULL,NULL,NULL,NULL,NULL,NULL,24,NULL,NULL,NULL,NULL,NULL,NULL,NULL,NULL,NULL,'2019-04-11 12:31:41');
/*!40000 ALTER TABLE `netflow` ENABLE KEYS */;
UNLOCK TABLES;

--
-- Temporary table structure for view `netflow_v`
--

DROP TABLE IF EXISTS `netflow_v`;
/*!50001 DROP VIEW IF EXISTS `netflow_v`*/;
SET @saved_cs_client     = @@character_set_client;
SET character_set_client = utf8;
/*!50001 CREATE VIEW `netflow_v` AS SELECT 
 1 AS `id`,
 1 AS `version`,
 1 AS `reporter`,
 1 AS `src_id`,
 1 AS `time_offset`,
 1 AS `in_bytes`,
 1 AS `input_snmp`,
 1 AS `layer2packetsectionoffset`,
 1 AS `layer2packetsectionsize`,
 1 AS `layer2packetsectiondata`,
 1 AS `l4_dst_port`,
 1 AS `ipv4_dst_addr`,
 1 AS `dst_mask`,
 1 AS `output_snmp`,
 1 AS `ipv4_next_hop`,
 1 AS `src_as`,
 1 AS `dst_as`,
 1 AS `bgp_ipv4_next_hop`,
 1 AS `mul_dst_pkts`,
 1 AS `in_pkts`,
 1 AS `mul_dst_bytes`,
 1 AS `last_switched`,
 1 AS `first_switched`,
 1 AS `out_bytes`,
 1 AS `out_pkts`,
 1 AS `min_pkt_lngth`,
 1 AS `max_pkt_lngth`,
 1 AS `ipv6_src_addr`,
 1 AS `ipv6_dst_addr`,
 1 AS `ipv6_src_mask`,
 1 AS `flows`,
 1 AS `ipv6_dst_mask`,
 1 AS `ipv6_flow_label`,
 1 AS `icmp_type`,
 1 AS `mul_igmp_type`,
 1 AS `sampling_interval`,
 1 AS `sampling_algorithm`,
 1 AS `flow_active_timeout`,
 1 AS `flow_inactive_timeout`,
 1 AS `engine_type`,
 1 AS `engine_id`,
 1 AS `protocol`,
 1 AS `total_bytes_exp`,
 1 AS `total_pkts_exp`,
 1 AS `total_flows_exp`,
 1 AS `ipv4_src_prefix`,
 1 AS `ipv4_dst_prefix`,
 1 AS `mpls_top_label_type`,
 1 AS `mpls_top_label_ip_addr`,
 1 AS `flow_sampler_id`,
 1 AS `flow_sampler_mode`,
 1 AS `src_tos`,
 1 AS `flow_sampler_random_interval`,
 1 AS `min_ttl`,
 1 AS `max_ttl`,
 1 AS `ipv4_ident`,
 1 AS `dst_tos`,
 1 AS `in_src_mac`,
 1 AS `out_dst_mac`,
 1 AS `src_vlan`,
 1 AS `dst_vlan`,
 1 AS `tcp_flags`,
 1 AS `ip_protocol_version`,
 1 AS `direction`,
 1 AS `ipv6_next_hop`,
 1 AS `bgp_ipv6_next_hop`,
 1 AS `ipv6_option_headers`,
 1 AS `l4_src_port`,
 1 AS `mpls_label_1`,
 1 AS `mpls_label_2`,
 1 AS `mpls_label_3`,
 1 AS `mpls_label_4`,
 1 AS `mpls_label_5`,
 1 AS `mpls_label_6`,
 1 AS `mpls_label_7`,
 1 AS `mpls_label_8`,
 1 AS `mpls_label_9`,
 1 AS `mpls_label_10`,
 1 AS `ipv4_src_addr`,
 1 AS `in_dst_mac`,
 1 AS `out_src_mac`,
 1 AS `if_name`,
 1 AS `if_desc`,
 1 AS `sampler_name`,
 1 AS `in_permanent_bytes`,
 1 AS `in_permanent_pkts`,
 1 AS `fragment_offset`,
 1 AS `forwarding_status`,
 1 AS `src_mask`,
 1 AS `mpls_pal_rd`,
 1 AS `mpls_prefix_len`,
 1 AS `src_traffic_index`,
 1 AS `dst_traffic_index`,
 1 AS `application_description`,
 1 AS `application_tag`,
 1 AS `application_name`,
 1 AS `postipdiffservcodepoint`,
 1 AS `replication_factor`,
 1 AS `ts`,
 1 AS `reporter_a`,
 1 AS `ipv4_src_addr_a`,
 1 AS `ipv4_dst_addr_a`,
 1 AS `ipv4_next_hop_a`,
 1 AS `bgp_ipv4_next_hop_a`,
 1 AS `ipv4_src_prefix_a`,
 1 AS `ipv4_dst_prefix_a`,
 1 AS `src_dscp`,
 1 AS `dst_dscp`,
 1 AS `first_switched_d`,
 1 AS `last_switched_d`,
 1 AS `tcp_flags_fin`,
 1 AS `tcp_flags_syn`,
 1 AS `tcp_flags_rst`,
 1 AS `tcp_flags_psh`,
 1 AS `tcp_flags_ack`,
 1 AS `tcp_flags_urg`*/;
SET character_set_client = @saved_cs_client;

--
-- Table structure for table `network_open_port`
--

DROP TABLE IF EXISTS `network_open_port`;
/*!40101 SET @saved_cs_client     = @@character_set_client */;
/*!40101 SET character_set_client = utf8 */;
CREATE TABLE `network_open_port` (
  `id` int(11) NOT NULL AUTO_INCREMENT,
  `ip` varchar(40) NOT NULL,
  `ip_status` varchar(10) DEFAULT NULL,
  `port_type` varchar(10) DEFAULT NULL,
  `port_no` int(11) NOT NULL,
  `conf` varchar(100) DEFAULT NULL,
  `cpe` varchar(100) DEFAULT NULL,
  `extrainfo` varchar(100) DEFAULT NULL,
  `name` varchar(100) DEFAULT NULL,
  `product` varchar(100) DEFAULT NULL,
  `reason` varchar(100) DEFAULT NULL,
  `status` varchar(50) DEFAULT NULL,
  `version` varchar(100) DEFAULT NULL,
  `ts` datetime(6) NOT NULL,
  PRIMARY KEY (`id`)
) ENGINE=InnoDB AUTO_INCREMENT=311 DEFAULT CHARSET=latin1;
/*!40101 SET character_set_client = @saved_cs_client */;

--
-- Dumping data for table `network_open_port`
--

LOCK TABLES `network_open_port` WRITE;
/*!40000 ALTER TABLE `network_open_port` DISABLE KEYS */;
/*!40000 ALTER TABLE `network_open_port` ENABLE KEYS */;
UNLOCK TABLES;

--
-- Table structure for table `network_sniffers`
--

DROP TABLE IF EXISTS `network_sniffers`;
/*!40101 SET @saved_cs_client     = @@character_set_client */;
/*!40101 SET character_set_client = utf8 */;
CREATE TABLE `network_sniffers` (
  `id` int(11) NOT NULL AUTO_INCREMENT,
  `ip` varchar(40) DEFAULT NULL,
  `is_sniffer` int(11) DEFAULT NULL,
  `predict` varchar(50) DEFAULT NULL,
  `remarks` varchar(200) DEFAULT NULL,
  `ts` datetime(6) NOT NULL,
  PRIMARY KEY (`id`)
) ENGINE=InnoDB AUTO_INCREMENT=61 DEFAULT CHARSET=latin1;
/*!40101 SET character_set_client = @saved_cs_client */;

--
-- Dumping data for table `network_sniffers`
--

LOCK TABLES `network_sniffers` WRITE;
/*!40000 ALTER TABLE `network_sniffers` DISABLE KEYS */;
/*!40000 ALTER TABLE `network_sniffers` ENABLE KEYS */;
UNLOCK TABLES;

--
-- Table structure for table `open_ports`
--

DROP TABLE IF EXISTS `open_ports`;
/*!40101 SET @saved_cs_client     = @@character_set_client */;
/*!40101 SET character_set_client = utf8 */;
CREATE TABLE `open_ports` (
  `mac_address` varchar(12) NOT NULL,
  `json` json DEFAULT NULL,
  `number` int(11) DEFAULT NULL,
  PRIMARY KEY (`mac_address`),
  UNIQUE KEY `mac_address_UNIQUE` (`mac_address`)
) ENGINE=InnoDB DEFAULT CHARSET=utf8;
/*!40101 SET character_set_client = @saved_cs_client */;

--
-- Dumping data for table `open_ports`
--

LOCK TABLES `open_ports` WRITE;
/*!40000 ALTER TABLE `open_ports` DISABLE KEYS */;
INSERT INTO `open_ports` VALUES ('9CAD9702BC29','{\"0\": {\"type\": \"TCP\", \"address\": \"0.0.0.0:135\", \"process\": \"0.0.0.0:0\"}, \"1\": {\"type\": \"TCP\", \"address\": \"0.0.0.0:\", \"process\": \"System\"}, \"2\": {\"type\": \"TCP\", \"address\": \"0.0.0.0:5040\", \"process\": \"0.0.0.0:0\"}, \"3\": {\"type\": \"TCP\", \"address\": \"0.0.0.0:7680\", \"process\": \"0.0.0.0:0\"}, \"4\": {\"type\": \"TCP\", \"address\": \"0.0.0.0:9007\", \"process\": \"0.0.0.0:0\"}, \"5\": {\"type\": \"TCP\", \"address\": \"0.0.0.0:40688\", \"process\": \"0.0.0.0:0\"}, \"6\": {\"type\": \"TCP\", \"address\": \"0.0.0.0:49\", \"process\": \"wininit\"}, \"7\": {\"type\": \"TCP\", \"address\": \"0.0.0.0:49665\", \"process\": \"0.0.0.0:0\"}, \"8\": {\"type\": \"TCP\", \"address\": \"0.0.0.0:49666\", \"process\": \"0.0.0.0:0\"}, \"9\": {\"type\": \"TCP\", \"address\": \"0.0.0.0:49667\", \"process\": \"0.0.0.0:0\"}, \"10\": {\"type\": \"TCP\", \"address\": \"0.0.0.0:49668\", \"process\": \"0.0.0.0:0\"}, \"11\": {\"type\": \"TCP\", \"address\": \"0.0.0.0:49671\", \"process\": \"0.0.0.0:0\"}, \"12\": {\"type\": \"TCP\", \"address\": \"192.168.1.6:139\", \"process\": \"0.0.0.0:0\"}, \"13\": {\"type\": \"TCP\", \"address\": \"[::]:135\", \"process\": \"[::]:0\"}, \"14\": {\"type\": \"TCP\", \"address\": \"[::]:\", \"process\": \"System\"}, \"15\": {\"type\": \"TCP\", \"address\": \"[::]:7680\", \"process\": \"[::]:0\"}, \"16\": {\"type\": \"TCP\", \"address\": \"[::]:9007\", \"process\": \"[::]:0\"}, \"17\": {\"type\": \"TCP\", \"address\": \"[::]:40688\", \"process\": \"[::]:0\"}, \"18\": {\"type\": \"TCP\", \"address\": \"[::]:49\", \"process\": \"wininit\"}, \"19\": {\"type\": \"TCP\", \"address\": \"[::]:49665\", \"process\": \"[::]:0\"}, \"20\": {\"type\": \"TCP\", \"address\": \"[::]:49666\", \"process\": \"[::]:0\"}, \"21\": {\"type\": \"TCP\", \"address\": \"[::]:49667\", \"process\": \"[::]:0\"}, \"22\": {\"type\": \"TCP\", \"address\": \"[::]:49668\", \"process\": \"[::]:0\"}, \"23\": {\"type\": \"TCP\", \"address\": \"[::]:49671\", \"process\": \"[::]:0\"}, \"24\": {\"type\": \"UDP\", \"address\": \"0.0.0.0:123\", \"process\": \"*:*\"}, \"25\": {\"type\": \"UDP\", \"address\": \"0.0.0.0:1900\", \"process\": \"*:*\"}, \"26\": {\"type\": \"UDP\", \"address\": \"0.0.0.0:5050\", \"process\": \"*:*\"}, \"27\": {\"type\": \"UDP\", \"address\": \"0.0.0.0:5353\", \"process\": \"*:*\"}, \"28\": {\"type\": \"UDP\", \"address\": \"0.0.0.0:5353\", \"process\": \"*:*\"}, \"29\": {\"type\": \"UDP\", \"address\": \"0.0.0.0:5353\", \"process\": \"*:*\"}, \"30\": {\"type\": \"UDP\", \"address\": \"0.0.0.0:5355\", \"process\": \"*:*\"}, \"31\": {\"type\": \"UDP\", \"address\": \"0.0.0.0:40688\", \"process\": \"*:*\"}, \"32\": {\"type\": \"UDP\", \"address\": \"0.0.0.0:50831\", \"process\": \"*:*\"}, \"33\": {\"type\": \"UDP\", \"address\": \"0.0.0.0:64292\", \"process\": \"*:*\"}, \"34\": {\"type\": \"UDP\", \"address\": \"0.0.0.0:64619\", \"process\": \"*:*\"}, \"35\": {\"type\": \"UDP\", \"address\": \"127.0.0.1:1900\", \"process\": \"*:*\"}, \"36\": {\"type\": \"UDP\", \"address\": \"127.0.0.1:6771\", \"process\": \"*:*\"}, \"37\": {\"type\": \"UDP\", \"address\": \"127.0.0.1:49664\", \"process\": \"*:*\"}, \"38\": {\"type\": \"UDP\", \"address\": \"127.0.0.1:56217\", \"process\": \"*:*\"}, \"39\": {\"type\": \"UDP\", \"address\": \"127.0.0.1:62492\", \"process\": \"*:*\"}, \"40\": {\"type\": \"UDP\", \"address\": \"192.168.1.6:137\", \"process\": \"*:*\"}, \"41\": {\"type\": \"UDP\", \"address\": \"192.168.1.6:138\", \"process\": \"*:*\"}, \"42\": {\"type\": \"UDP\", \"address\": \"192.168.1.6:1900\", \"process\": \"*:*\"}, \"43\": {\"type\": \"UDP\", \"address\": \"192.168.1.6:6771\", \"process\": \"*:*\"}, \"44\": {\"type\": \"UDP\", \"address\": \"192.168.1.6:56216\", \"process\": \"*:*\"}, \"45\": {\"type\": \"UDP\", \"address\": \"192.168.1.6:62491\", \"process\": \"*:*\"}, \"46\": {\"type\": \"UDP\", \"address\": \"[::]:123\", \"process\": \"*:*\"}, \"47\": {\"type\": \"UDP\", \"address\": \"[::]:5353\", \"process\": \"*:*\"}, \"48\": {\"type\": \"UDP\", \"address\": \"[::]:5353\", \"process\": \"*:*\"}, \"49\": {\"type\": \"UDP\", \"address\": \"[::]:5355\", \"process\": \"*:*\"}, \"50\": {\"type\": \"UDP\", \"address\": \"[::]:40688\", \"process\": \"*:*\"}, \"51\": {\"type\": \"UDP\", \"address\": \"[::1]:1900\", \"process\": \"*:*\"}, \"52\": {\"type\": \"UDP\", \"address\": \"[::1]:62490\", \"process\": \"*:*\"}, \"53\": {\"type\": \"UDP\", \"address\": \"[fe80::90bf:9f60:b8a2:318b%8]:1900\", \"process\": \"*:*\"}, \"54\": {\"type\": \"UDP\", \"address\": \"[fe80::90bf:9f60:b8a2:318b%8]:62489\", \"process\": \"*:*\"}}',0);
/*!40000 ALTER TABLE `open_ports` ENABLE KEYS */;
UNLOCK TABLES;

--
-- Table structure for table `process_info`
--

DROP TABLE IF EXISTS `process_info`;
/*!40101 SET @saved_cs_client     = @@character_set_client */;
/*!40101 SET character_set_client = utf8 */;
CREATE TABLE `process_info` (
  `mac_address` varchar(12) NOT NULL,
  `process_info` json DEFAULT NULL,
  `number` int(11) DEFAULT NULL,
  PRIMARY KEY (`mac_address`),
  UNIQUE KEY `mac_address_UNIQUE` (`mac_address`)
) ENGINE=InnoDB DEFAULT CHARSET=utf8;
/*!40101 SET character_set_client = @saved_cs_client */;

--
-- Dumping data for table `process_info`
--

LOCK TABLES `process_info` WRITE;
/*!40000 ALTER TABLE `process_info` DISABLE KEYS */;
INSERT INTO `process_info` VALUES ('9CAD9702BC29','{\"0\": {\"pn\": \"_Total\", \"ru\": 2967, \"pid\": 0, \"ppt\": 100}, \"1\": {\"pn\": \"conhost\", \"ru\": 8, \"pid\": 1480, \"ppt\": 0}, \"2\": {\"pn\": \"conhost#1\", \"ru\": 9, \"pid\": 8260, \"ppt\": 0}, \"3\": {\"pn\": \"conhost#2\", \"ru\": 9, \"pid\": 5636, \"ppt\": 0}, \"4\": {\"pn\": \"conhost#3\", \"ru\": 14, \"pid\": 1264, \"ppt\": 0}, \"5\": {\"pn\": \"csrss\", \"ru\": 4, \"pid\": 564, \"ppt\": 0}, \"6\": {\"pn\": \"csrss#1\", \"ru\": 5, \"pid\": 668, \"ppt\": 0}, \"7\": {\"pn\": \"ctfmon\", \"ru\": 12, \"pid\": 5344, \"ppt\": 0}, \"8\": {\"pn\": \"devenv\", \"ru\": 355, \"pid\": 5116, \"ppt\": 0}, \"9\": {\"pn\": \"dllhost\", \"ru\": 9, \"pid\": 5868, \"ppt\": 0}, \"10\": {\"pn\": \"dwm\", \"ru\": 42, \"pid\": 524, \"ppt\": 5}, \"11\": {\"pn\": \"explorer\", \"ru\": 80, \"pid\": 5536, \"ppt\": 0}, \"12\": {\"pn\": \"fontdrvhost\", \"ru\": 2, \"pid\": 880, \"ppt\": 0}, \"13\": {\"pn\": \"fontdrvhost#1\", \"ru\": 4, \"pid\": 540, \"ppt\": 0}, \"14\": {\"pn\": \"GoogleCrashHandler\", \"ru\": 1, \"pid\": 1620, \"ppt\": 0}, \"15\": {\"pn\": \"GoogleCrashHandler64\", \"ru\": 0, \"pid\": 1628, \"ppt\": 0}, \"16\": {\"pn\": \"Idle\", \"ru\": 0, \"pid\": 0, \"ppt\": 100}, \"17\": {\"pn\": \"igfxCUIService\", \"ru\": 7, \"pid\": 1920, \"ppt\": 0}, \"18\": {\"pn\": \"igfxEM\", \"ru\": 9, \"pid\": 6068, \"ppt\": 0}, \"19\": {\"pn\": \"igfxHK\", \"ru\": 7, \"pid\": 6076, \"ppt\": 0}, \"20\": {\"pn\": \"igfxTray\", \"ru\": 9, \"pid\": 6108, \"ppt\": 0}, \"21\": {\"pn\": \"Lavasoft.WCAssistant.WinService\", \"ru\": 25, \"pid\": 3476, \"ppt\": 0}, \"22\": {\"pn\": \"lsass\", \"ru\": 12, \"pid\": 740, \"ppt\": 0}, \"23\": {\"pn\": \"Memory Compression\", \"ru\": 38, \"pid\": 2004, \"ppt\": 0}, \"24\": {\"pn\": \"MIBAgent\", \"ru\": 38, \"pid\": 5188, \"ppt\": 0}, \"25\": {\"pn\": \"MSASCuiL\", \"ru\": 8, \"pid\": 7532, \"ppt\": 0}, \"26\": {\"pn\": \"MSBuild\", \"ru\": 40, \"pid\": 3984, \"ppt\": 0}, \"27\": {\"pn\": \"MsMpEng\", \"ru\": 103, \"pid\": 3600, \"ppt\": 11}, \"28\": {\"pn\": \"NisSrv\", \"ru\": 9, \"pid\": 5960, \"ppt\": 0}, \"29\": {\"pn\": \"OfficeClickToRun\", \"ru\": 18, \"pid\": 3420, \"ppt\": 0}, \"30\": {\"pn\": \"OneDrive\", \"ru\": 53, \"pid\": 7836, \"ppt\": 0}, \"31\": {\"pn\": \"PerfWatson2\", \"ru\": 52, \"pid\": 1276, \"ppt\": 0}, \"32\": {\"pn\": \"PresentationFontCache\", \"ru\": 10, \"pid\": 4596, \"ppt\": 0}, \"33\": {\"pn\": \"RAVBg64\", \"ru\": 9, \"pid\": 2364, \"ppt\": 0}, \"34\": {\"pn\": \"RAVBg64#1\", \"ru\": 9, \"pid\": 2588, \"ppt\": 0}, \"35\": {\"pn\": \"RAVBg64#2\", \"ru\": 10, \"pid\": 7776, \"ppt\": 0}, \"36\": {\"pn\": \"Registry\", \"ru\": 20, \"pid\": 96, \"ppt\": 0}, \"37\": {\"pn\": \"RtkAudioService64\", \"ru\": 6, \"pid\": 2592, \"ppt\": 0}, \"38\": {\"pn\": \"RtkNGUI64\", \"ru\": 11, \"pid\": 7632, \"ppt\": 0}, \"39\": {\"pn\": \"RuntimeBroker\", \"ru\": 23, \"pid\": 6744, \"ppt\": 0}, \"40\": {\"pn\": \"RuntimeBroker#1\", \"ru\": 6, \"pid\": 6872, \"ppt\": 0}, \"41\": {\"pn\": \"RuntimeBroker#2\", \"ru\": 21, \"pid\": 3792, \"ppt\": 0}, \"42\": {\"pn\": \"ScriptedSandbox64\", \"ru\": 147, \"pid\": 7976, \"ppt\": 77}, \"43\": {\"pn\": \"SearchFilterHost\", \"ru\": 7, \"pid\": 9724, \"ppt\": 0}, \"44\": {\"pn\": \"SearchIndexer\", \"ru\": 23, \"pid\": 1684, \"ppt\": 0}, \"45\": {\"pn\": \"SearchProtocolHost\", \"ru\": 11, \"pid\": 9180, \"ppt\": 0}, \"46\": {\"pn\": \"SearchUI\", \"ru\": 57, \"pid\": 6664, \"ppt\": 0}, \"47\": {\"pn\": \"SecurityHealthService\", \"ru\": 14, \"pid\": 3456, \"ppt\": 0}, \"48\": {\"pn\": \"ServiceHub.DataWarehouseHost\", \"ru\": 105, \"pid\": 1260, \"ppt\": 0}, \"49\": {\"pn\": \"ServiceHub.Host.CLR.x86\", \"ru\": 60, \"pid\": 5676, \"ppt\": 0}, \"50\": {\"pn\": \"ServiceHub.Host.Node.x86\", \"ru\": 28, \"pid\": 5496, \"ppt\": 0}, \"51\": {\"pn\": \"ServiceHub.IdentityHost\", \"ru\": 33, \"pid\": 5548, \"ppt\": 0}, \"52\": {\"pn\": \"ServiceHub.RoslynCodeAnalysisService32\", \"ru\": 100, \"pid\": 7728, \"ppt\": 0}, \"53\": {\"pn\": \"ServiceHub.SettingsHost\", \"ru\": 66, \"pid\": 2896, \"ppt\": 0}, \"54\": {\"pn\": \"ServiceHub.VSDetouredHost\", \"ru\": 73, \"pid\": 8068, \"ppt\": 0}, \"55\": {\"pn\": \"services\", \"ru\": 9, \"pid\": 728, \"ppt\": 0}, \"56\": {\"pn\": \"SgrmBroker\", \"ru\": 4, \"pid\": 7200, \"ppt\": 0}, \"57\": {\"pn\": \"ShellExperienceHost\", \"ru\": 51, \"pid\": 6448, \"ppt\": 0}, \"58\": {\"pn\": \"sihost\", \"ru\": 22, \"pid\": 4664, \"ppt\": 0}, \"59\": {\"pn\": \"SkypeBridge\", \"ru\": 47, \"pid\": 4768, \"ppt\": 0}, \"60\": {\"pn\": \"smss\", \"ru\": 0, \"pid\": 380, \"ppt\": 0}, \"61\": {\"pn\": \"spoolsv\", \"ru\": 10, \"pid\": 3088, \"ppt\": 0}, \"62\": {\"pn\": \"StandardCollector.Service\", \"ru\": 51, \"pid\": 5320, \"ppt\": 0}, \"63\": {\"pn\": \"svchost\", \"ru\": 3, \"pid\": 860, \"ppt\": 0}, \"64\": {\"pn\": \"svchost#1\", \"ru\": 26, \"pid\": 900, \"ppt\": 0}, \"65\": {\"pn\": \"svchost#2\", \"ru\": 13, \"pid\": 972, \"ppt\": 0}, \"66\": {\"pn\": \"svchost#3\", \"ru\": 7, \"pid\": 1012, \"ppt\": 0}, \"67\": {\"pn\": \"svchost#4\", \"ru\": 13, \"pid\": 1144, \"ppt\": 0}, \"68\": {\"pn\": \"svchost#5\", \"ru\": 8, \"pid\": 1164, \"ppt\": 0}, \"69\": {\"pn\": \"svchost#6\", \"ru\": 10, \"pid\": 1172, \"ppt\": 0}, \"70\": {\"pn\": \"svchost#7\", \"ru\": 6, \"pid\": 1212, \"ppt\": 0}, \"71\": {\"pn\": \"svchost#8\", \"ru\": 8, \"pid\": 1216, \"ppt\": 0}, \"72\": {\"pn\": \"svchost#9\", \"ru\": 8, \"pid\": 1388, \"ppt\": 0}, \"73\": {\"pn\": \"svchost#10\", \"ru\": 13, \"pid\": 1444, \"ppt\": 0}, \"74\": {\"pn\": \"svchost#11\", \"ru\": 14, \"pid\": 1464, \"ppt\": 0}, \"75\": {\"pn\": \"svchost#12\", \"ru\": 10, \"pid\": 1472, \"ppt\": 0}, \"76\": {\"pn\": \"svchost#13\", \"ru\": 6, \"pid\": 1580, \"ppt\": 0}, \"77\": {\"pn\": \"svchost#14\", \"ru\": 5, \"pid\": 1640, \"ppt\": 0}, \"78\": {\"pn\": \"svchost#15\", \"ru\": 6, \"pid\": 1676, \"ppt\": 0}, \"79\": {\"pn\": \"svchost#16\", \"ru\": 7, \"pid\": 1792, \"ppt\": 0}, \"80\": {\"pn\": \"svchost#17\", \"ru\": 6, \"pid\": 1828, \"ppt\": 0}, \"81\": {\"pn\": \"svchost#18\", \"ru\": 7, \"pid\": 1876, \"ppt\": 0}, \"82\": {\"pn\": \"svchost#19\", \"ru\": 67, \"pid\": 1884, \"ppt\": 0}, \"83\": {\"pn\": \"svchost#20\", \"ru\": 5, \"pid\": 1900, \"ppt\": 0}, \"84\": {\"pn\": \"svchost#21\", \"ru\": 11, \"pid\": 2032, \"ppt\": 0}, \"85\": {\"pn\": \"svchost#22\", \"ru\": 7, \"pid\": 2044, \"ppt\": 0}, \"86\": {\"pn\": \"svchost#23\", \"ru\": 8, \"pid\": 2100, \"ppt\": 0}, \"87\": {\"pn\": \"svchost#24\", \"ru\": 7, \"pid\": 2108, \"ppt\": 0}, \"88\": {\"pn\": \"svchost#25\", \"ru\": 7, \"pid\": 2116, \"ppt\": 0}, \"89\": {\"pn\": \"svchost#26\", \"ru\": 8, \"pid\": 2180, \"ppt\": 0}, \"90\": {\"pn\": \"svchost#27\", \"ru\": 20, \"pid\": 2276, \"ppt\": 0}, \"91\": {\"pn\": \"svchost#28\", \"ru\": 12, \"pid\": 2356, \"ppt\": 0}, \"92\": {\"pn\": \"svchost#29\", \"ru\": 13, \"pid\": 2440, \"ppt\": 0}, \"93\": {\"pn\": \"svchost#30\", \"ru\": 7, \"pid\": 2668, \"ppt\": 0}, \"94\": {\"pn\": \"svchost#31\", \"ru\": 6, \"pid\": 2684, \"ppt\": 0}, \"95\": {\"pn\": \"svchost#32\", \"ru\": 14, \"pid\": 2748, \"ppt\": 0}, \"96\": {\"pn\": \"svchost#33\", \"ru\": 29, \"pid\": 2768, \"ppt\": 0}, \"97\": {\"pn\": \"svchost#34\", \"ru\": 9, \"pid\": 2780, \"ppt\": 0}, \"98\": {\"pn\": \"svchost#35\", \"ru\": 7, \"pid\": 2924, \"ppt\": 0}, \"99\": {\"pn\": \"svchost#36\", \"ru\": 11, \"pid\": 3028, \"ppt\": 0}, \"100\": {\"pn\": \"svchost#37\", \"ru\": 10, \"pid\": 1764, \"ppt\": 0}, \"101\": {\"pn\": \"svchost#38\", \"ru\": 10, \"pid\": 3068, \"ppt\": 0}, \"102\": {\"pn\": \"svchost#39\", \"ru\": 7, \"pid\": 3280, \"ppt\": 0}, \"103\": {\"pn\": \"svchost#40\", \"ru\": 9, \"pid\": 3376, \"ppt\": 0}, \"104\": {\"pn\": \"svchost#41\", \"ru\": 17, \"pid\": 3388, \"ppt\": 0}, \"105\": {\"pn\": \"svchost#42\", \"ru\": 17, \"pid\": 3396, \"ppt\": 0}, \"106\": {\"pn\": \"svchost#43\", \"ru\": 6, \"pid\": 3404, \"ppt\": 0}, \"107\": {\"pn\": \"svchost#44\", \"ru\": 7, \"pid\": 3448, \"ppt\": 0}, \"108\": {\"pn\": \"svchost#45\", \"ru\": 5, \"pid\": 3468, \"ppt\": 0}, \"109\": {\"pn\": \"svchost#46\", \"ru\": 19, \"pid\": 3512, \"ppt\": 0}, \"110\": {\"pn\": \"svchost#47\", \"ru\": 7, \"pid\": 3588, \"ppt\": 0}, \"111\": {\"pn\": \"svchost#48\", \"ru\": 6, \"pid\": 3648, \"ppt\": 0}, \"112\": {\"pn\": \"svchost#49\", \"ru\": 5, \"pid\": 3888, \"ppt\": 0}, \"113\": {\"pn\": \"svchost#50\", \"ru\": 10, \"pid\": 4064, \"ppt\": 0}, \"114\": {\"pn\": \"svchost#51\", \"ru\": 5, \"pid\": 4736, \"ppt\": 0}, \"115\": {\"pn\": \"svchost#52\", \"ru\": 15, \"pid\": 4628, \"ppt\": 0}, \"116\": {\"pn\": \"svchost#53\", \"ru\": 22, \"pid\": 3756, \"ppt\": 0}, \"117\": {\"pn\": \"svchost#54\", \"ru\": 7, \"pid\": 5272, \"ppt\": 0}, \"118\": {\"pn\": \"svchost#55\", \"ru\": 7, \"pid\": 5576, \"ppt\": 0}, \"119\": {\"pn\": \"svchost#56\", \"ru\": 11, \"pid\": 5776, \"ppt\": 0}, \"120\": {\"pn\": \"svchost#57\", \"ru\": 11, \"pid\": 5784, \"ppt\": 0}, \"121\": {\"pn\": \"svchost#58\", \"ru\": 7, \"pid\": 5908, \"ppt\": 0}, \"122\": {\"pn\": \"svchost#59\", \"ru\": 13, \"pid\": 5556, \"ppt\": 0}, \"123\": {\"pn\": \"svchost#60\", \"ru\": 12, \"pid\": 4712, \"ppt\": 0}, \"124\": {\"pn\": \"svchost#61\", \"ru\": 5, \"pid\": 7812, \"ppt\": 0}, \"125\": {\"pn\": \"svchost#62\", \"ru\": 12, \"pid\": 7292, \"ppt\": 0}, \"126\": {\"pn\": \"svchost#63\", \"ru\": 9, \"pid\": 5732, \"ppt\": 0}, \"127\": {\"pn\": \"svchost#64\", \"ru\": 8, \"pid\": 8848, \"ppt\": 0}, \"128\": {\"pn\": \"svchost#65\", \"ru\": 11, \"pid\": 9520, \"ppt\": 0}, \"129\": {\"pn\": \"svchost#66\", \"ru\": 20, \"pid\": 4192, \"ppt\": 0}, \"130\": {\"pn\": \"SynTPEnh\", \"ru\": 14, \"pid\": 4680, \"ppt\": 5}, \"131\": {\"pn\": \"SynTPEnhService\", \"ru\": 4, \"pid\": 3440, \"ppt\": 0}, \"132\": {\"pn\": \"SynTPHelper\", \"ru\": 4, \"pid\": 5900, \"ppt\": 0}, \"133\": {\"pn\": \"System\", \"ru\": 2, \"pid\": 4, \"ppt\": 0}, \"134\": {\"pn\": \"taskhostw\", \"ru\": 14, \"pid\": 5144, \"ppt\": 0}, \"135\": {\"pn\": \"VBCSCompiler\", \"ru\": 74, \"pid\": 8740, \"ppt\": 0}, \"136\": {\"pn\": \"wininit\", \"ru\": 5, \"pid\": 656, \"ppt\": 0}, \"137\": {\"pn\": \"winlogon\", \"ru\": 7, \"pid\": 484, \"ppt\": 0}, \"138\": {\"pn\": \"WmiApSrv\", \"ru\": 8, \"pid\": 2232, \"ppt\": 0}, \"139\": {\"pn\": \"WmiPrvSE\", \"ru\": 18, \"pid\": 2700, \"ppt\": 0}, \"140\": {\"pn\": \"WmiPrvSE#1\", \"ru\": 35, \"pid\": 5324, \"ppt\": 0}, \"141\": {\"pn\": \"WmiPrvSE#2\", \"ru\": 13, \"pid\": 5172, \"ppt\": 5}, \"142\": {\"pn\": \"WmiPrvSE#3\", \"ru\": 8, \"pid\": 7144, \"ppt\": 0}}',0),('B82A72B84197','{\"0\": {\"pn\": \"_Total\", \"ru\": 3384, \"pid\": 0, \"ppt\": 100}, \"1\": {\"pn\": \"chrome\", \"ru\": 116, \"pid\": 11144, \"ppt\": 0}, \"2\": {\"pn\": \"chrome#1\", \"ru\": 8, \"pid\": 5436, \"ppt\": 0}, \"3\": {\"pn\": \"chrome#2\", \"ru\": 9, \"pid\": 10020, \"ppt\": 0}, \"4\": {\"pn\": \"chrome#3\", \"ru\": 66, \"pid\": 5800, \"ppt\": 0}, \"5\": {\"pn\": \"chrome#4\", \"ru\": 25, \"pid\": 1284, \"ppt\": 0}, \"6\": {\"pn\": \"chrome#5\", \"ru\": 23, \"pid\": 2512, \"ppt\": 0}, \"7\": {\"pn\": \"chrome#6\", \"ru\": 44, \"pid\": 10848, \"ppt\": 0}, \"8\": {\"pn\": \"chrome#7\", \"ru\": 92, \"pid\": 7140, \"ppt\": 0}, \"9\": {\"pn\": \"chrome#8\", \"ru\": 34, \"pid\": 8200, \"ppt\": 0}, \"10\": {\"pn\": \"conhost\", \"ru\": 8, \"pid\": 6436, \"ppt\": 0}, \"11\": {\"pn\": \"conhost#1\", \"ru\": 14, \"pid\": 9112, \"ppt\": 0}, \"12\": {\"pn\": \"csrss\", \"ru\": 4, \"pid\": 564, \"ppt\": 0}, \"13\": {\"pn\": \"csrss#1\", \"ru\": 5, \"pid\": 7380, \"ppt\": 0}, \"14\": {\"pn\": \"ctfmon\", \"ru\": 14, \"pid\": 8208, \"ppt\": 0}, \"15\": {\"pn\": \"dasHost\", \"ru\": 8, \"pid\": 7056, \"ppt\": 0}, \"16\": {\"pn\": \"devenv\", \"ru\": 305, \"pid\": 8676, \"ppt\": 0}, \"17\": {\"pn\": \"dllhost\", \"ru\": 9, \"pid\": 1380, \"ppt\": 0}, \"18\": {\"pn\": \"dwm\", \"ru\": 55, \"pid\": 5588, \"ppt\": 0}, \"19\": {\"pn\": \"explorer\", \"ru\": 90, \"pid\": 2188, \"ppt\": 0}, \"20\": {\"pn\": \"fontdrvhost\", \"ru\": 2, \"pid\": 880, \"ppt\": 0}, \"21\": {\"pn\": \"fontdrvhost#1\", \"ru\": 6, \"pid\": 8640, \"ppt\": 0}, \"22\": {\"pn\": \"GoogleCrashHandler\", \"ru\": 0, \"pid\": 1620, \"ppt\": 0}, \"23\": {\"pn\": \"GoogleCrashHandler64\", \"ru\": 0, \"pid\": 1628, \"ppt\": 0}, \"24\": {\"pn\": \"Idle\", \"ru\": 0, \"pid\": 0, \"ppt\": 100}, \"25\": {\"pn\": \"igfxCUIService\", \"ru\": 8, \"pid\": 1920, \"ppt\": 0}, \"26\": {\"pn\": \"igfxEM\", \"ru\": 12, \"pid\": 2792, \"ppt\": 0}, \"27\": {\"pn\": \"igfxHK\", \"ru\": 9, \"pid\": 8828, \"ppt\": 0}, \"28\": {\"pn\": \"igfxTray\", \"ru\": 11, \"pid\": 2372, \"ppt\": 0}, \"29\": {\"pn\": \"Lavasoft.WCAssistant.WinService\", \"ru\": 25, \"pid\": 3476, \"ppt\": 0}, \"30\": {\"pn\": \"lsass\", \"ru\": 13, \"pid\": 740, \"ppt\": 0}, \"31\": {\"pn\": \"Memory Compression\", \"ru\": 68, \"pid\": 2004, \"ppt\": 0}, \"32\": {\"pn\": \"MIBAgent\", \"ru\": 38, \"pid\": 10784, \"ppt\": 0}, \"33\": {\"pn\": \"MSASCuiL\", \"ru\": 9, \"pid\": 5696, \"ppt\": 0}, \"34\": {\"pn\": \"MsMpEng\", \"ru\": 168, \"pid\": 3600, \"ppt\": 0}, \"35\": {\"pn\": \"NisSrv\", \"ru\": 8, \"pid\": 5960, \"ppt\": 0}, \"36\": {\"pn\": \"OfficeClickToRun\", \"ru\": 29, \"pid\": 3420, \"ppt\": 0}, \"37\": {\"pn\": \"OneDrive\", \"ru\": 44, \"pid\": 6036, \"ppt\": 0}, \"38\": {\"pn\": \"PerfWatson2\", \"ru\": 51, \"pid\": 10616, \"ppt\": 0}, \"39\": {\"pn\": \"PresentationFontCache\", \"ru\": 10, \"pid\": 4596, \"ppt\": 0}, \"40\": {\"pn\": \"RAVBg64\", \"ru\": 14, \"pid\": 10896, \"ppt\": 0}, \"41\": {\"pn\": \"RAVBg64#1\", \"ru\": 13, \"pid\": 2256, \"ppt\": 0}, \"42\": {\"pn\": \"RAVBg64#2\", \"ru\": 13, \"pid\": 72, \"ppt\": 0}, \"43\": {\"pn\": \"Registry\", \"ru\": 21, \"pid\": 96, \"ppt\": 0}, \"44\": {\"pn\": \"RtkAudioService64\", \"ru\": 6, \"pid\": 2592, \"ppt\": 0}, \"45\": {\"pn\": \"RtkNGUI64\", \"ru\": 13, \"pid\": 5140, \"ppt\": 0}, \"46\": {\"pn\": \"RuntimeBroker\", \"ru\": 26, \"pid\": 1932, \"ppt\": 0}, \"47\": {\"pn\": \"RuntimeBroker#1\", \"ru\": 7, \"pid\": 8104, \"ppt\": 0}, \"48\": {\"pn\": \"RuntimeBroker#2\", \"ru\": 14, \"pid\": 6524, \"ppt\": 0}, \"49\": {\"pn\": \"ScriptedSandbox64\", \"ru\": 143, \"pid\": 8368, \"ppt\": 16}, \"50\": {\"pn\": \"SearchIndexer\", \"ru\": 27, \"pid\": 1684, \"ppt\": 0}, \"51\": {\"pn\": \"SearchUI\", \"ru\": 62, \"pid\": 10524, \"ppt\": 0}, \"52\": {\"pn\": \"SecurityHealthService\", \"ru\": 15, \"pid\": 3456, \"ppt\": 0}, \"53\": {\"pn\": \"ServiceHub.DataWarehouseHost\", \"ru\": 125, \"pid\": 10760, \"ppt\": 0}, \"54\": {\"pn\": \"ServiceHub.Host.CLR.x86\", \"ru\": 37, \"pid\": 1660, \"ppt\": 0}, \"55\": {\"pn\": \"ServiceHub.Host.Node.x86\", \"ru\": 26, \"pid\": 6444, \"ppt\": 0}, \"56\": {\"pn\": \"ServiceHub.IdentityHost\", \"ru\": 33, \"pid\": 7036, \"ppt\": 0}, \"57\": {\"pn\": \"ServiceHub.RoslynCodeAnalysisService32\", \"ru\": 87, \"pid\": 11236, \"ppt\": 0}, \"58\": {\"pn\": \"ServiceHub.SettingsHost\", \"ru\": 43, \"pid\": 1912, \"ppt\": 0}, \"59\": {\"pn\": \"ServiceHub.VSDetouredHost\", \"ru\": 74, \"pid\": 7508, \"ppt\": 0}, \"60\": {\"pn\": \"services\", \"ru\": 9, \"pid\": 728, \"ppt\": 0}, \"61\": {\"pn\": \"SgrmBroker\", \"ru\": 5, \"pid\": 7200, \"ppt\": 0}, \"62\": {\"pn\": \"ShellExperienceHost\", \"ru\": 51, \"pid\": 7748, \"ppt\": 0}, \"63\": {\"pn\": \"sihost\", \"ru\": 23, \"pid\": 1460, \"ppt\": 0}, \"64\": {\"pn\": \"SkypeBackgroundHost\", \"ru\": 0, \"pid\": 10856, \"ppt\": 0}, \"65\": {\"pn\": \"smartscreen\", \"ru\": 25, \"pid\": 5312, \"ppt\": 0}, \"66\": {\"pn\": \"smss\", \"ru\": 1, \"pid\": 380, \"ppt\": 0}, \"67\": {\"pn\": \"spoolsv\", \"ru\": 11, \"pid\": 3088, \"ppt\": 0}, \"68\": {\"pn\": \"StandardCollector.Service\", \"ru\": 50, \"pid\": 3804, \"ppt\": 0}, \"69\": {\"pn\": \"svchost\", \"ru\": 3, \"pid\": 860, \"ppt\": 0}, \"70\": {\"pn\": \"svchost#1\", \"ru\": 27, \"pid\": 900, \"ppt\": 0}, \"71\": {\"pn\": \"svchost#2\", \"ru\": 14, \"pid\": 972, \"ppt\": 0}, \"72\": {\"pn\": \"svchost#3\", \"ru\": 8, \"pid\": 1012, \"ppt\": 0}, \"73\": {\"pn\": \"svchost#4\", \"ru\": 14, \"pid\": 1144, \"ppt\": 0}, \"74\": {\"pn\": \"svchost#5\", \"ru\": 9, \"pid\": 1164, \"ppt\": 0}, \"75\": {\"pn\": \"svchost#6\", \"ru\": 10, \"pid\": 1172, \"ppt\": 0}, \"76\": {\"pn\": \"svchost#7\", \"ru\": 6, \"pid\": 1212, \"ppt\": 0}, \"77\": {\"pn\": \"svchost#8\", \"ru\": 9, \"pid\": 1216, \"ppt\": 0}, \"78\": {\"pn\": \"svchost#9\", \"ru\": 9, \"pid\": 1388, \"ppt\": 0}, \"79\": {\"pn\": \"svchost#10\", \"ru\": 18, \"pid\": 1444, \"ppt\": 0}, \"80\": {\"pn\": \"svchost#11\", \"ru\": 17, \"pid\": 1464, \"ppt\": 0}, \"81\": {\"pn\": \"svchost#12\", \"ru\": 11, \"pid\": 1472, \"ppt\": 0}, \"82\": {\"pn\": \"svchost#13\", \"ru\": 6, \"pid\": 1580, \"ppt\": 0}, \"83\": {\"pn\": \"svchost#14\", \"ru\": 6, \"pid\": 1640, \"ppt\": 0}, \"84\": {\"pn\": \"svchost#15\", \"ru\": 8, \"pid\": 1676, \"ppt\": 0}, \"85\": {\"pn\": \"svchost#16\", \"ru\": 7, \"pid\": 1792, \"ppt\": 0}, \"86\": {\"pn\": \"svchost#17\", \"ru\": 7, \"pid\": 1828, \"ppt\": 0}, \"87\": {\"pn\": \"svchost#18\", \"ru\": 7, \"pid\": 1876, \"ppt\": 0}, \"88\": {\"pn\": \"svchost#19\", \"ru\": 71, \"pid\": 1884, \"ppt\": 0}, \"89\": {\"pn\": \"svchost#20\", \"ru\": 5, \"pid\": 1900, \"ppt\": 0}, \"90\": {\"pn\": \"svchost#21\", \"ru\": 12, \"pid\": 2032, \"ppt\": 0}, \"91\": {\"pn\": \"svchost#22\", \"ru\": 8, \"pid\": 2044, \"ppt\": 0}, \"92\": {\"pn\": \"svchost#23\", \"ru\": 8, \"pid\": 2100, \"ppt\": 0}, \"93\": {\"pn\": \"svchost#24\", \"ru\": 7, \"pid\": 2108, \"ppt\": 0}, \"94\": {\"pn\": \"svchost#25\", \"ru\": 7, \"pid\": 2116, \"ppt\": 0}, \"95\": {\"pn\": \"svchost#26\", \"ru\": 9, \"pid\": 2180, \"ppt\": 0}, \"96\": {\"pn\": \"svchost#27\", \"ru\": 17, \"pid\": 2276, \"ppt\": 0}, \"97\": {\"pn\": \"svchost#28\", \"ru\": 12, \"pid\": 2356, \"ppt\": 0}, \"98\": {\"pn\": \"svchost#29\", \"ru\": 13, \"pid\": 2440, \"ppt\": 0}, \"99\": {\"pn\": \"svchost#30\", \"ru\": 8, \"pid\": 2668, \"ppt\": 0}, \"100\": {\"pn\": \"svchost#31\", \"ru\": 6, \"pid\": 2684, \"ppt\": 0}, \"101\": {\"pn\": \"svchost#32\", \"ru\": 16, \"pid\": 2748, \"ppt\": 0}, \"102\": {\"pn\": \"svchost#33\", \"ru\": 36, \"pid\": 2768, \"ppt\": 0}, \"103\": {\"pn\": \"svchost#34\", \"ru\": 11, \"pid\": 2780, \"ppt\": 0}, \"104\": {\"pn\": \"svchost#35\", \"ru\": 7, \"pid\": 2924, \"ppt\": 0}, \"105\": {\"pn\": \"svchost#36\", \"ru\": 12, \"pid\": 3028, \"ppt\": 0}, \"106\": {\"pn\": \"svchost#37\", \"ru\": 12, \"pid\": 1764, \"ppt\": 0}, \"107\": {\"pn\": \"svchost#38\", \"ru\": 12, \"pid\": 3068, \"ppt\": 0}, \"108\": {\"pn\": \"svchost#39\", \"ru\": 7, \"pid\": 3280, \"ppt\": 0}, \"109\": {\"pn\": \"svchost#40\", \"ru\": 12, \"pid\": 3376, \"ppt\": 0}, \"110\": {\"pn\": \"svchost#41\", \"ru\": 20, \"pid\": 3388, \"ppt\": 0}, \"111\": {\"pn\": \"svchost#42\", \"ru\": 19, \"pid\": 3396, \"ppt\": 0}, \"112\": {\"pn\": \"svchost#43\", \"ru\": 5, \"pid\": 3404, \"ppt\": 0}, \"113\": {\"pn\": \"svchost#44\", \"ru\": 7, \"pid\": 3448, \"ppt\": 0}, \"114\": {\"pn\": \"svchost#45\", \"ru\": 5, \"pid\": 3468, \"ppt\": 0}, \"115\": {\"pn\": \"svchost#46\", \"ru\": 19, \"pid\": 3512, \"ppt\": 0}, \"116\": {\"pn\": \"svchost#47\", \"ru\": 8, \"pid\": 3588, \"ppt\": 0}, \"117\": {\"pn\": \"svchost#48\", \"ru\": 6, \"pid\": 3648, \"ppt\": 0}, \"118\": {\"pn\": \"svchost#49\", \"ru\": 5, \"pid\": 3888, \"ppt\": 0}, \"119\": {\"pn\": \"svchost#50\", \"ru\": 10, \"pid\": 4064, \"ppt\": 0}, \"120\": {\"pn\": \"svchost#51\", \"ru\": 7, \"pid\": 5272, \"ppt\": 0}, \"121\": {\"pn\": \"svchost#52\", \"ru\": 7, \"pid\": 5576, \"ppt\": 0}, \"122\": {\"pn\": \"svchost#53\", \"ru\": 14, \"pid\": 5776, \"ppt\": 0}, \"123\": {\"pn\": \"svchost#54\", \"ru\": 11, \"pid\": 5784, \"ppt\": 0}, \"124\": {\"pn\": \"svchost#55\", \"ru\": 7, \"pid\": 5908, \"ppt\": 0}, \"125\": {\"pn\": \"svchost#56\", \"ru\": 15, \"pid\": 5556, \"ppt\": 0}, \"126\": {\"pn\": \"svchost#57\", \"ru\": 13, \"pid\": 4712, \"ppt\": 0}, \"127\": {\"pn\": \"svchost#58\", \"ru\": 9, \"pid\": 5732, \"ppt\": 0}, \"128\": {\"pn\": \"svchost#59\", \"ru\": 8, \"pid\": 8848, \"ppt\": 0}, \"129\": {\"pn\": \"svchost#60\", \"ru\": 8, \"pid\": 9244, \"ppt\": 0}, \"130\": {\"pn\": \"svchost#61\", \"ru\": 6, \"pid\": 6924, \"ppt\": 0}, \"131\": {\"pn\": \"svchost#62\", \"ru\": 7, \"pid\": 9388, \"ppt\": 0}, \"132\": {\"pn\": \"svchost#63\", \"ru\": 11, \"pid\": 4512, \"ppt\": 0}, \"133\": {\"pn\": \"svchost#64\", \"ru\": 17, \"pid\": 5520, \"ppt\": 0}, \"134\": {\"pn\": \"svchost#65\", \"ru\": 25, \"pid\": 6520, \"ppt\": 0}, \"135\": {\"pn\": \"svchost#66\", \"ru\": 11, \"pid\": 4148, \"ppt\": 0}, \"136\": {\"pn\": \"svchost#67\", \"ru\": 5, \"pid\": 11160, \"ppt\": 0}, \"137\": {\"pn\": \"svchost#68\", \"ru\": 13, \"pid\": 8972, \"ppt\": 0}, \"138\": {\"pn\": \"svchost#69\", \"ru\": 9, \"pid\": 8020, \"ppt\": 0}, \"139\": {\"pn\": \"svchost#70\", \"ru\": 20, \"pid\": 7852, \"ppt\": 0}, \"140\": {\"pn\": \"SynTPEnh\", \"ru\": 21, \"pid\": 6516, \"ppt\": 0}, \"141\": {\"pn\": \"SynTPEnhService\", \"ru\": 5, \"pid\": 3440, \"ppt\": 0}, \"142\": {\"pn\": \"SynTPHelper\", \"ru\": 4, \"pid\": 10792, \"ppt\": 0}, \"143\": {\"pn\": \"System\", \"ru\": 2, \"pid\": 4, \"ppt\": 0}, \"144\": {\"pn\": \"taskhostw\", \"ru\": 13, \"pid\": 5952, \"ppt\": 0}, \"145\": {\"pn\": \"wininit\", \"ru\": 5, \"pid\": 656, \"ppt\": 0}, \"146\": {\"pn\": \"winlogon\", \"ru\": 8, \"pid\": 1052, \"ppt\": 0}, \"147\": {\"pn\": \"WmiApSrv\", \"ru\": 8, \"pid\": 8880, \"ppt\": 0}, \"148\": {\"pn\": \"WmiPrvSE\", \"ru\": 34, \"pid\": 9872, \"ppt\": 0}, \"149\": {\"pn\": \"WmiPrvSE#1\", \"ru\": 8, \"pid\": 6088, \"ppt\": 0}, \"150\": {\"pn\": \"WmiPrvSE#2\", \"ru\": 17, \"pid\": 480, \"ppt\": 0}, \"151\": {\"pn\": \"WmiPrvSE#3\", \"ru\": 12, \"pid\": 7624, \"ppt\": 5}}',0);
/*!40000 ALTER TABLE `process_info` ENABLE KEYS */;
UNLOCK TABLES;

--
-- Table structure for table `services_info`
--

DROP TABLE IF EXISTS `services_info`;
/*!40101 SET @saved_cs_client     = @@character_set_client */;
/*!40101 SET character_set_client = utf8 */;
CREATE TABLE `services_info` (
  `mac_address` varchar(12) NOT NULL,
  `services_info` json DEFAULT NULL,
  `total` int(11) DEFAULT NULL,
  PRIMARY KEY (`mac_address`),
  UNIQUE KEY `mac_address_UNIQUE` (`mac_address`)
) ENGINE=InnoDB DEFAULT CHARSET=utf8;
/*!40101 SET character_set_client = @saved_cs_client */;

--
-- Dumping data for table `services_info`
--

LOCK TABLES `services_info` WRITE;
/*!40000 ALTER TABLE `services_info` DISABLE KEYS */;
INSERT INTO `services_info` VALUES ('9CAD9702BC29','{\"0\": {\"name\": \"AJRouter\", \"status\": \"Stopped\"}, \"1\": {\"name\": \"ALG\", \"status\": \"Stopped\"}, \"2\": {\"name\": \"AppIDSvc\", \"status\": \"Stopped\"}, \"3\": {\"name\": \"Appinfo\", \"status\": \"Running\"}, \"4\": {\"name\": \"AppMgmt\", \"status\": \"Stopped\"}, \"5\": {\"name\": \"AppReadiness\", \"status\": \"Stopped\"}, \"6\": {\"name\": \"AppVClient\", \"status\": \"Stopped\"}, \"7\": {\"name\": \"AppXSvc\", \"status\": \"Running\"}, \"8\": {\"name\": \"AssignedAccessManagerSvc\", \"status\": \"Stopped\"}, \"9\": {\"name\": \"AudioEndpointBuilder\", \"status\": \"Running\"}, \"10\": {\"name\": \"Audiosrv\", \"status\": \"Running\"}, \"11\": {\"name\": \"AxInstSV\", \"status\": \"Stopped\"}, \"12\": {\"name\": \"BDESVC\", \"status\": \"Stopped\"}, \"13\": {\"name\": \"BFE\", \"status\": \"Running\"}, \"14\": {\"name\": \"BITS\", \"status\": \"Stopped\"}, \"15\": {\"name\": \"BrokerInfrastructure\", \"status\": \"Running\"}, \"16\": {\"name\": \"BTAGService\", \"status\": \"Running\"}, \"17\": {\"name\": \"BthAvctpSvc\", \"status\": \"Running\"}, \"18\": {\"name\": \"bthserv\", \"status\": \"Running\"}, \"19\": {\"name\": \"camsvc\", \"status\": \"Running\"}, \"20\": {\"name\": \"CDPSvc\", \"status\": \"Running\"}, \"21\": {\"name\": \"CertPropSvc\", \"status\": \"Stopped\"}, \"22\": {\"name\": \"ClickToRunSvc\", \"status\": \"Running\"}, \"23\": {\"name\": \"ClipSVC\", \"status\": \"Stopped\"}, \"24\": {\"name\": \"COMSysApp\", \"status\": \"Stopped\"}, \"25\": {\"name\": \"CoreMessagingRegistrar\", \"status\": \"Running\"}, \"26\": {\"name\": \"cphs\", \"status\": \"Stopped\"}, \"27\": {\"name\": \"CryptSvc\", \"status\": \"Running\"}, \"28\": {\"name\": \"CscService\", \"status\": \"Stopped\"}, \"29\": {\"name\": \"DcomLaunch\", \"status\": \"Running\"}, \"30\": {\"name\": \"defragsvc\", \"status\": \"Stopped\"}, \"31\": {\"name\": \"DeviceAssociationService\", \"status\": \"Running\"}, \"32\": {\"name\": \"DeviceInstall\", \"status\": \"Stopped\"}, \"33\": {\"name\": \"DevQueryBroker\", \"status\": \"Stopped\"}, \"34\": {\"name\": \"Dhcp\", \"status\": \"Running\"}, \"35\": {\"name\": \"diagnosticshub.standardcollector.service\", \"status\": \"Stopped\"}, \"36\": {\"name\": \"diagsvc\", \"status\": \"Stopped\"}, \"37\": {\"name\": \"DiagTrack\", \"status\": \"Running\"}, \"38\": {\"name\": \"DmEnrollmentSvc\", \"status\": \"Stopped\"}, \"39\": {\"name\": \"dmwappushservice\", \"status\": \"Stopped\"}, \"40\": {\"name\": \"Dnscache\", \"status\": \"Running\"}, \"41\": {\"name\": \"DoSvc\", \"status\": \"Running\"}, \"42\": {\"name\": \"dot3svc\", \"status\": \"Stopped\"}, \"43\": {\"name\": \"DPS\", \"status\": \"Running\"}, \"44\": {\"name\": \"DsmSvc\", \"status\": \"Stopped\"}, \"45\": {\"name\": \"DsSvc\", \"status\": \"Stopped\"}, \"46\": {\"name\": \"DusmSvc\", \"status\": \"Running\"}, \"47\": {\"name\": \"Eaphost\", \"status\": \"Stopped\"}, \"48\": {\"name\": \"EFS\", \"status\": \"Stopped\"}, \"49\": {\"name\": \"embeddedmode\", \"status\": \"Stopped\"}, \"50\": {\"name\": \"EntAppSvc\", \"status\": \"Stopped\"}, \"51\": {\"name\": \"EventLog\", \"status\": \"Running\"}, \"52\": {\"name\": \"EventSystem\", \"status\": \"Running\"}, \"53\": {\"name\": \"Fax\", \"status\": \"Stopped\"}, \"54\": {\"name\": \"fdPHost\", \"status\": \"Stopped\"}, \"55\": {\"name\": \"FDResPub\", \"status\": \"Stopped\"}, \"56\": {\"name\": \"fhsvc\", \"status\": \"Stopped\"}, \"57\": {\"name\": \"FontCache\", \"status\": \"Running\"}, \"58\": {\"name\": \"FontCache3.0.0.0\", \"status\": \"Running\"}, \"59\": {\"name\": \"FrameServer\", \"status\": \"Stopped\"}, \"60\": {\"name\": \"GoogleChromeElevationService\", \"status\": \"Stopped\"}, \"61\": {\"name\": \"gpsvc\", \"status\": \"Stopped\"}, \"62\": {\"name\": \"GraphicsPerfSvc\", \"status\": \"Stopped\"}, \"63\": {\"name\": \"gupdate\", \"status\": \"Stopped\"}, \"64\": {\"name\": \"gupdatem\", \"status\": \"Stopped\"}, \"65\": {\"name\": \"hidserv\", \"status\": \"Stopped\"}, \"66\": {\"name\": \"HvHost\", \"status\": \"Stopped\"}, \"67\": {\"name\": \"icssvc\", \"status\": \"Stopped\"}, \"68\": {\"name\": \"igfxCUIService2.0.0.0\", \"status\": \"Running\"}, \"69\": {\"name\": \"IKEEXT\", \"status\": \"Stopped\"}, \"70\": {\"name\": \"InstallService\", \"status\": \"Stopped\"}, \"71\": {\"name\": \"iphlpsvc\", \"status\": \"Running\"}, \"72\": {\"name\": \"IpxlatCfgSvc\", \"status\": \"Stopped\"}, \"73\": {\"name\": \"irmon\", \"status\": \"Stopped\"}, \"74\": {\"name\": \"KeyIso\", \"status\": \"Running\"}, \"75\": {\"name\": \"KtmRm\", \"status\": \"Stopped\"}, \"76\": {\"name\": \"LanmanServer\", \"status\": \"Running\"}, \"77\": {\"name\": \"LanmanWorkstation\", \"status\": \"Running\"}, \"78\": {\"name\": \"lfsvc\", \"status\": \"Stopped\"}, \"79\": {\"name\": \"LicenseManager\", \"status\": \"Running\"}, \"80\": {\"name\": \"lltdsvc\", \"status\": \"Stopped\"}, \"81\": {\"name\": \"lmhosts\", \"status\": \"Running\"}, \"82\": {\"name\": \"LSM\", \"status\": \"Running\"}, \"83\": {\"name\": \"LxpSvc\", \"status\": \"Stopped\"}, \"84\": {\"name\": \"MapsBroker\", \"status\": \"Stopped\"}, \"85\": {\"name\": \"mpssvc\", \"status\": \"Running\"}, \"86\": {\"name\": \"MSDTC\", \"status\": \"Stopped\"}, \"87\": {\"name\": \"MSiSCSI\", \"status\": \"Stopped\"}, \"88\": {\"name\": \"msiserver\", \"status\": \"Stopped\"}, \"89\": {\"name\": \"NaturalAuthentication\", \"status\": \"Stopped\"}, \"90\": {\"name\": \"NcaSvc\", \"status\": \"Stopped\"}, \"91\": {\"name\": \"NcbService\", \"status\": \"Running\"}, \"92\": {\"name\": \"NcdAutoSetup\", \"status\": \"Stopped\"}, \"93\": {\"name\": \"Netlogon\", \"status\": \"Stopped\"}, \"94\": {\"name\": \"Netman\", \"status\": \"Stopped\"}, \"95\": {\"name\": \"netprofm\", \"status\": \"Running\"}, \"96\": {\"name\": \"NetSetupSvc\", \"status\": \"Stopped\"}, \"97\": {\"name\": \"NetTcpPortSharing\", \"status\": \"Stopped\"}, \"98\": {\"name\": \"NgcCtnrSvc\", \"status\": \"Stopped\"}, \"99\": {\"name\": \"NgcSvc\", \"status\": \"Stopped\"}, \"100\": {\"name\": \"NlaSvc\", \"status\": \"Running\"}, \"101\": {\"name\": \"nsi\", \"status\": \"Running\"}, \"102\": {\"name\": \"ose\", \"status\": \"Stopped\"}, \"103\": {\"name\": \"p2pimsvc\", \"status\": \"Stopped\"}, \"104\": {\"name\": \"p2psvc\", \"status\": \"Stopped\"}, \"105\": {\"name\": \"PcaSvc\", \"status\": \"Running\"}, \"106\": {\"name\": \"PeerDistSvc\", \"status\": \"Stopped\"}, \"107\": {\"name\": \"PerfHost\", \"status\": \"Stopped\"}, \"108\": {\"name\": \"PhoneSvc\", \"status\": \"Stopped\"}, \"109\": {\"name\": \"pla\", \"status\": \"Stopped\"}, \"110\": {\"name\": \"PlugPlay\", \"status\": \"Running\"}, \"111\": {\"name\": \"PNRPAutoReg\", \"status\": \"Stopped\"}, \"112\": {\"name\": \"PNRPsvc\", \"status\": \"Stopped\"}, \"113\": {\"name\": \"PolicyAgent\", \"status\": \"Stopped\"}, \"114\": {\"name\": \"Power\", \"status\": \"Running\"}, \"115\": {\"name\": \"PrintNotify\", \"status\": \"Stopped\"}, \"116\": {\"name\": \"ProfSvc\", \"status\": \"Running\"}, \"117\": {\"name\": \"PushToInstall\", \"status\": \"Stopped\"}, \"118\": {\"name\": \"QWAVE\", \"status\": \"Stopped\"}, \"119\": {\"name\": \"RasAuto\", \"status\": \"Stopped\"}, \"120\": {\"name\": \"RasMan\", \"status\": \"Running\"}, \"121\": {\"name\": \"RemoteAccess\", \"status\": \"Stopped\"}, \"122\": {\"name\": \"RemoteRegistry\", \"status\": \"Stopped\"}, \"123\": {\"name\": \"RetailDemo\", \"status\": \"Stopped\"}, \"124\": {\"name\": \"RmSvc\", \"status\": \"Stopped\"}, \"125\": {\"name\": \"RpcEptMapper\", \"status\": \"Running\"}, \"126\": {\"name\": \"RpcLocator\", \"status\": \"Stopped\"}, \"127\": {\"name\": \"RpcSs\", \"status\": \"Running\"}, \"128\": {\"name\": \"RtkAudioService\", \"status\": \"Running\"}, \"129\": {\"name\": \"SamSs\", \"status\": \"Running\"}, \"130\": {\"name\": \"SCardSvr\", \"status\": \"Stopped\"}, \"131\": {\"name\": \"ScDeviceEnum\", \"status\": \"Stopped\"}, \"132\": {\"name\": \"Schedule\", \"status\": \"Running\"}, \"133\": {\"name\": \"SCPolicySvc\", \"status\": \"Stopped\"}, \"134\": {\"name\": \"SDRSVC\", \"status\": \"Stopped\"}, \"135\": {\"name\": \"seclogon\", \"status\": \"Stopped\"}, \"136\": {\"name\": \"SecurityHealthService\", \"status\": \"Running\"}, \"137\": {\"name\": \"SEMgrSvc\", \"status\": \"Running\"}, \"138\": {\"name\": \"SENS\", \"status\": \"Running\"}, \"139\": {\"name\": \"Sense\", \"status\": \"Stopped\"}, \"140\": {\"name\": \"SensorDataService\", \"status\": \"Stopped\"}, \"141\": {\"name\": \"SensorService\", \"status\": \"Stopped\"}, \"142\": {\"name\": \"SensrSvc\", \"status\": \"Stopped\"}, \"143\": {\"name\": \"SessionEnv\", \"status\": \"Stopped\"}, \"144\": {\"name\": \"SgrmBroker\", \"status\": \"Running\"}, \"145\": {\"name\": \"SharedAccess\", \"status\": \"Stopped\"}, \"146\": {\"name\": \"SharedRealitySvc\", \"status\": \"Stopped\"}, \"147\": {\"name\": \"ShellHWDetection\", \"status\": \"Running\"}, \"148\": {\"name\": \"shpamsvc\", \"status\": \"Stopped\"}, \"149\": {\"name\": \"smphost\", \"status\": \"Stopped\"}, \"150\": {\"name\": \"SmsRouter\", \"status\": \"Stopped\"}, \"151\": {\"name\": \"SNMPTRAP\", \"status\": \"Stopped\"}, \"152\": {\"name\": \"spectrum\", \"status\": \"Stopped\"}, \"153\": {\"name\": \"Spooler\", \"status\": \"Running\"}, \"154\": {\"name\": \"sppsvc\", \"status\": \"Stopped\"}, \"155\": {\"name\": \"SSDPSRV\", \"status\": \"Running\"}, \"156\": {\"name\": \"ssh-agent\", \"status\": \"Stopped\"}, \"157\": {\"name\": \"SstpSvc\", \"status\": \"Running\"}, \"158\": {\"name\": \"StateRepository\", \"status\": \"Running\"}, \"159\": {\"name\": \"stisvc\", \"status\": \"Running\"}, \"160\": {\"name\": \"StorSvc\", \"status\": \"Running\"}, \"161\": {\"name\": \"svsvc\", \"status\": \"Stopped\"}, \"162\": {\"name\": \"swprv\", \"status\": \"Stopped\"}, \"163\": {\"name\": \"SynTPEnhService\", \"status\": \"Running\"}, \"164\": {\"name\": \"SysMain\", \"status\": \"Running\"}, \"165\": {\"name\": \"SystemEventsBroker\", \"status\": \"Running\"}, \"166\": {\"name\": \"TabletInputService\", \"status\": \"Running\"}, \"167\": {\"name\": \"TapiSrv\", \"status\": \"Running\"}, \"168\": {\"name\": \"TermService\", \"status\": \"Stopped\"}, \"169\": {\"name\": \"Themes\", \"status\": \"Running\"}, \"170\": {\"name\": \"TieringEngineService\", \"status\": \"Stopped\"}, \"171\": {\"name\": \"TimeBrokerSvc\", \"status\": \"Running\"}, \"172\": {\"name\": \"TokenBroker\", \"status\": \"Running\"}, \"173\": {\"name\": \"TrkWks\", \"status\": \"Running\"}, \"174\": {\"name\": \"TrustedInstaller\", \"status\": \"Stopped\"}, \"175\": {\"name\": \"tzautoupdate\", \"status\": \"Stopped\"}, \"176\": {\"name\": \"UevAgentService\", \"status\": \"Stopped\"}, \"177\": {\"name\": \"UmRdpService\", \"status\": \"Stopped\"}, \"178\": {\"name\": \"upnphost\", \"status\": \"Stopped\"}, \"179\": {\"name\": \"UserManager\", \"status\": \"Running\"}, \"180\": {\"name\": \"UsoSvc\", \"status\": \"Running\"}, \"181\": {\"name\": \"VacSvc\", \"status\": \"Stopped\"}, \"182\": {\"name\": \"VaultSvc\", \"status\": \"Running\"}, \"183\": {\"name\": \"vds\", \"status\": \"Stopped\"}, \"184\": {\"name\": \"vmicguestinterface\", \"status\": \"Stopped\"}, \"185\": {\"name\": \"vmicheartbeat\", \"status\": \"Stopped\"}, \"186\": {\"name\": \"vmickvpexchange\", \"status\": \"Stopped\"}, \"187\": {\"name\": \"vmicrdv\", \"status\": \"Stopped\"}, \"188\": {\"name\": \"vmicshutdown\", \"status\": \"Stopped\"}, \"189\": {\"name\": \"vmictimesync\", \"status\": \"Stopped\"}, \"190\": {\"name\": \"vmicvmsession\", \"status\": \"Stopped\"}, \"191\": {\"name\": \"vmicvss\", \"status\": \"Stopped\"}, \"192\": {\"name\": \"VSS\", \"status\": \"Stopped\"}, \"193\": {\"name\": \"VSStandardCollectorService150\", \"status\": \"Running\"}, \"194\": {\"name\": \"W32Time\", \"status\": \"Stopped\"}, \"195\": {\"name\": \"WaaSMedicSvc\", \"status\": \"Stopped\"}, \"196\": {\"name\": \"WalletService\", \"status\": \"Stopped\"}, \"197\": {\"name\": \"WarpJITSvc\", \"status\": \"Stopped\"}, \"198\": {\"name\": \"wbengine\", \"status\": \"Stopped\"}, \"199\": {\"name\": \"WbioSrvc\", \"status\": \"Stopped\"}, \"200\": {\"name\": \"WCAssistantService\", \"status\": \"Running\"}, \"201\": {\"name\": \"Wcmsvc\", \"status\": \"Running\"}, \"202\": {\"name\": \"wcncsvc\", \"status\": \"Stopped\"}, \"203\": {\"name\": \"WdiServiceHost\", \"status\": \"Running\"}, \"204\": {\"name\": \"WdiSystemHost\", \"status\": \"Running\"}, \"205\": {\"name\": \"WdNisSvc\", \"status\": \"Running\"}, \"206\": {\"name\": \"WebClient\", \"status\": \"Stopped\"}, \"207\": {\"name\": \"Wecsvc\", \"status\": \"Stopped\"}, \"208\": {\"name\": \"WEPHOSTSVC\", \"status\": \"Stopped\"}, \"209\": {\"name\": \"wercplsupport\", \"status\": \"Stopped\"}, \"210\": {\"name\": \"WerSvc\", \"status\": \"Stopped\"}, \"211\": {\"name\": \"WFDSConMgrSvc\", \"status\": \"Stopped\"}, \"212\": {\"name\": \"WiaRpc\", \"status\": \"Stopped\"}, \"213\": {\"name\": \"WinDefend\", \"status\": \"Running\"}, \"214\": {\"name\": \"WinHttpAutoProxySvc\", \"status\": \"Running\"}, \"215\": {\"name\": \"Winmgmt\", \"status\": \"Running\"}, \"216\": {\"name\": \"WinRM\", \"status\": \"Stopped\"}, \"217\": {\"name\": \"wisvc\", \"status\": \"Stopped\"}, \"218\": {\"name\": \"WlanSvc\", \"status\": \"Running\"}, \"219\": {\"name\": \"wlidsvc\", \"status\": \"Stopped\"}, \"220\": {\"name\": \"wlpasvc\", \"status\": \"Stopped\"}, \"221\": {\"name\": \"wmiApSrv\", \"status\": \"Stopped\"}, \"222\": {\"name\": \"WMPNetworkSvc\", \"status\": \"Stopped\"}, \"223\": {\"name\": \"workfolderssvc\", \"status\": \"Stopped\"}, \"224\": {\"name\": \"WpcMonSvc\", \"status\": \"Stopped\"}, \"225\": {\"name\": \"WPDBusEnum\", \"status\": \"Stopped\"}, \"226\": {\"name\": \"WpnService\", \"status\": \"Running\"}, \"227\": {\"name\": \"wscsvc\", \"status\": \"Running\"}, \"228\": {\"name\": \"WSearch\", \"status\": \"Running\"}, \"229\": {\"name\": \"wuauserv\", \"status\": \"Running\"}, \"230\": {\"name\": \"WwanSvc\", \"status\": \"Stopped\"}, \"231\": {\"name\": \"xbgm\", \"status\": \"Stopped\"}, \"232\": {\"name\": \"XblAuthManager\", \"status\": \"Stopped\"}, \"233\": {\"name\": \"XblGameSave\", \"status\": \"Stopped\"}, \"234\": {\"name\": \"XboxGipSvc\", \"status\": \"Stopped\"}, \"235\": {\"name\": \"XboxNetApiSvc\", \"status\": \"Stopped\"}, \"236\": {\"name\": \"BcastDVRUserService_40fbd\", \"status\": \"Stopped\"}, \"237\": {\"name\": \"BluetoothUserService_40fbd\", \"status\": \"Stopped\"}, \"238\": {\"name\": \"CaptureService_40fbd\", \"status\": \"Stopped\"}, \"239\": {\"name\": \"CDPUserSvc_40fbd\", \"status\": \"Running\"}, \"240\": {\"name\": \"DevicePickerUserSvc_40fbd\", \"status\": \"Stopped\"}, \"241\": {\"name\": \"DevicesFlowUserSvc_40fbd\", \"status\": \"Stopped\"}, \"242\": {\"name\": \"MessagingService_40fbd\", \"status\": \"Stopped\"}, \"243\": {\"name\": \"OneSyncSvc_40fbd\", \"status\": \"Running\"}, \"244\": {\"name\": \"PimIndexMaintenanceSvc_40fbd\", \"status\": \"Stopped\"}, \"245\": {\"name\": \"PrintWorkflowUserSvc_40fbd\", \"status\": \"Stopped\"}, \"246\": {\"name\": \"UnistoreSvc_40fbd\", \"status\": \"Stopped\"}, \"247\": {\"name\": \"UserDataSvc_40fbd\", \"status\": \"Stopped\"}, \"248\": {\"name\": \"WpnUserService_40fbd\", \"status\": \"Running\"}}',0),('B82A72B84197','{\"0\": {\"name\": \"AJRouter\", \"status\": \"Start Pending\"}, \"1\": {\"name\": \"ALG\", \"status\": \"Stopped\"}, \"2\": {\"name\": \"AppIDSvc\", \"status\": \"Stopped\"}, \"3\": {\"name\": \"Appinfo\", \"status\": \"Running\"}, \"4\": {\"name\": \"AppMgmt\", \"status\": \"Stopped\"}, \"5\": {\"name\": \"AppReadiness\", \"status\": \"Stopped\"}, \"6\": {\"name\": \"AppVClient\", \"status\": \"Stopped\"}, \"7\": {\"name\": \"AppXSvc\", \"status\": \"Running\"}, \"8\": {\"name\": \"AssignedAccessManagerSvc\", \"status\": \"Stopped\"}, \"9\": {\"name\": \"AudioEndpointBuilder\", \"status\": \"Running\"}, \"10\": {\"name\": \"Audiosrv\", \"status\": \"Running\"}, \"11\": {\"name\": \"AxInstSV\", \"status\": \"Stopped\"}, \"12\": {\"name\": \"BDESVC\", \"status\": \"Stopped\"}, \"13\": {\"name\": \"BFE\", \"status\": \"Running\"}, \"14\": {\"name\": \"BITS\", \"status\": \"Running\"}, \"15\": {\"name\": \"BrokerInfrastructure\", \"status\": \"Running\"}, \"16\": {\"name\": \"BTAGService\", \"status\": \"Running\"}, \"17\": {\"name\": \"BthAvctpSvc\", \"status\": \"Running\"}, \"18\": {\"name\": \"bthserv\", \"status\": \"Running\"}, \"19\": {\"name\": \"camsvc\", \"status\": \"Running\"}, \"20\": {\"name\": \"CDPSvc\", \"status\": \"Running\"}, \"21\": {\"name\": \"CertPropSvc\", \"status\": \"Stopped\"}, \"22\": {\"name\": \"ClickToRunSvc\", \"status\": \"Running\"}, \"23\": {\"name\": \"ClipSVC\", \"status\": \"Stopped\"}, \"24\": {\"name\": \"COMSysApp\", \"status\": \"Stopped\"}, \"25\": {\"name\": \"CoreMessagingRegistrar\", \"status\": \"Running\"}, \"26\": {\"name\": \"cphs\", \"status\": \"Stopped\"}, \"27\": {\"name\": \"CryptSvc\", \"status\": \"Running\"}, \"28\": {\"name\": \"CscService\", \"status\": \"Stopped\"}, \"29\": {\"name\": \"DcomLaunch\", \"status\": \"Running\"}, \"30\": {\"name\": \"defragsvc\", \"status\": \"Stopped\"}, \"31\": {\"name\": \"DeviceAssociationService\", \"status\": \"Running\"}, \"32\": {\"name\": \"DeviceInstall\", \"status\": \"Stopped\"}, \"33\": {\"name\": \"DevQueryBroker\", \"status\": \"Stopped\"}, \"34\": {\"name\": \"Dhcp\", \"status\": \"Running\"}, \"35\": {\"name\": \"diagnosticshub.standardcollector.service\", \"status\": \"Stopped\"}, \"36\": {\"name\": \"diagsvc\", \"status\": \"Stopped\"}, \"37\": {\"name\": \"DiagTrack\", \"status\": \"Running\"}, \"38\": {\"name\": \"DmEnrollmentSvc\", \"status\": \"Stopped\"}, \"39\": {\"name\": \"dmwappushservice\", \"status\": \"Stopped\"}, \"40\": {\"name\": \"Dnscache\", \"status\": \"Running\"}, \"41\": {\"name\": \"DoSvc\", \"status\": \"Running\"}, \"42\": {\"name\": \"dot3svc\", \"status\": \"Stopped\"}, \"43\": {\"name\": \"DPS\", \"status\": \"Running\"}, \"44\": {\"name\": \"DsmSvc\", \"status\": \"Stopped\"}, \"45\": {\"name\": \"DsSvc\", \"status\": \"Stopped\"}, \"46\": {\"name\": \"DusmSvc\", \"status\": \"Running\"}, \"47\": {\"name\": \"Eaphost\", \"status\": \"Stopped\"}, \"48\": {\"name\": \"EFS\", \"status\": \"Stopped\"}, \"49\": {\"name\": \"embeddedmode\", \"status\": \"Stopped\"}, \"50\": {\"name\": \"EntAppSvc\", \"status\": \"Stopped\"}, \"51\": {\"name\": \"EventLog\", \"status\": \"Running\"}, \"52\": {\"name\": \"EventSystem\", \"status\": \"Running\"}, \"53\": {\"name\": \"Fax\", \"status\": \"Stopped\"}, \"54\": {\"name\": \"fdPHost\", \"status\": \"Stopped\"}, \"55\": {\"name\": \"FDResPub\", \"status\": \"Stopped\"}, \"56\": {\"name\": \"fhsvc\", \"status\": \"Stopped\"}, \"57\": {\"name\": \"FontCache\", \"status\": \"Running\"}, \"58\": {\"name\": \"FontCache3.0.0.0\", \"status\": \"Running\"}, \"59\": {\"name\": \"FrameServer\", \"status\": \"Stopped\"}, \"60\": {\"name\": \"GoogleChromeElevationService\", \"status\": \"Stopped\"}, \"61\": {\"name\": \"gpsvc\", \"status\": \"Running\"}, \"62\": {\"name\": \"GraphicsPerfSvc\", \"status\": \"Stopped\"}, \"63\": {\"name\": \"gupdate\", \"status\": \"Stopped\"}, \"64\": {\"name\": \"gupdatem\", \"status\": \"Stopped\"}, \"65\": {\"name\": \"hidserv\", \"status\": \"Stopped\"}, \"66\": {\"name\": \"HvHost\", \"status\": \"Stopped\"}, \"67\": {\"name\": \"icssvc\", \"status\": \"Stopped\"}, \"68\": {\"name\": \"igfxCUIService2.0.0.0\", \"status\": \"Running\"}, \"69\": {\"name\": \"IKEEXT\", \"status\": \"Stopped\"}, \"70\": {\"name\": \"InstallService\", \"status\": \"Stopped\"}, \"71\": {\"name\": \"iphlpsvc\", \"status\": \"Running\"}, \"72\": {\"name\": \"IpxlatCfgSvc\", \"status\": \"Stopped\"}, \"73\": {\"name\": \"irmon\", \"status\": \"Stopped\"}, \"74\": {\"name\": \"KeyIso\", \"status\": \"Running\"}, \"75\": {\"name\": \"KtmRm\", \"status\": \"Stopped\"}, \"76\": {\"name\": \"LanmanServer\", \"status\": \"Running\"}, \"77\": {\"name\": \"LanmanWorkstation\", \"status\": \"Running\"}, \"78\": {\"name\": \"lfsvc\", \"status\": \"Stopped\"}, \"79\": {\"name\": \"LicenseManager\", \"status\": \"Running\"}, \"80\": {\"name\": \"lltdsvc\", \"status\": \"Stopped\"}, \"81\": {\"name\": \"lmhosts\", \"status\": \"Running\"}, \"82\": {\"name\": \"LSM\", \"status\": \"Running\"}, \"83\": {\"name\": \"LxpSvc\", \"status\": \"Stopped\"}, \"84\": {\"name\": \"MapsBroker\", \"status\": \"Stopped\"}, \"85\": {\"name\": \"mpssvc\", \"status\": \"Running\"}, \"86\": {\"name\": \"MSDTC\", \"status\": \"Stopped\"}, \"87\": {\"name\": \"MSiSCSI\", \"status\": \"Stopped\"}, \"88\": {\"name\": \"msiserver\", \"status\": \"Stopped\"}, \"89\": {\"name\": \"NaturalAuthentication\", \"status\": \"Stopped\"}, \"90\": {\"name\": \"NcaSvc\", \"status\": \"Stopped\"}, \"91\": {\"name\": \"NcbService\", \"status\": \"Running\"}, \"92\": {\"name\": \"NcdAutoSetup\", \"status\": \"Stopped\"}, \"93\": {\"name\": \"Netlogon\", \"status\": \"Stopped\"}, \"94\": {\"name\": \"Netman\", \"status\": \"Stopped\"}, \"95\": {\"name\": \"netprofm\", \"status\": \"Running\"}, \"96\": {\"name\": \"NetSetupSvc\", \"status\": \"Stopped\"}, \"97\": {\"name\": \"NetTcpPortSharing\", \"status\": \"Stopped\"}, \"98\": {\"name\": \"NgcCtnrSvc\", \"status\": \"Running\"}, \"99\": {\"name\": \"NgcSvc\", \"status\": \"Stopped\"}, \"100\": {\"name\": \"NlaSvc\", \"status\": \"Running\"}, \"101\": {\"name\": \"nsi\", \"status\": \"Running\"}, \"102\": {\"name\": \"ose\", \"status\": \"Stopped\"}, \"103\": {\"name\": \"p2pimsvc\", \"status\": \"Stopped\"}, \"104\": {\"name\": \"p2psvc\", \"status\": \"Stopped\"}, \"105\": {\"name\": \"PcaSvc\", \"status\": \"Running\"}, \"106\": {\"name\": \"PeerDistSvc\", \"status\": \"Stopped\"}, \"107\": {\"name\": \"PerfHost\", \"status\": \"Stopped\"}, \"108\": {\"name\": \"PhoneSvc\", \"status\": \"Stopped\"}, \"109\": {\"name\": \"pla\", \"status\": \"Stopped\"}, \"110\": {\"name\": \"PlugPlay\", \"status\": \"Running\"}, \"111\": {\"name\": \"PNRPAutoReg\", \"status\": \"Stopped\"}, \"112\": {\"name\": \"PNRPsvc\", \"status\": \"Stopped\"}, \"113\": {\"name\": \"PolicyAgent\", \"status\": \"Stopped\"}, \"114\": {\"name\": \"Power\", \"status\": \"Running\"}, \"115\": {\"name\": \"PrintNotify\", \"status\": \"Stopped\"}, \"116\": {\"name\": \"ProfSvc\", \"status\": \"Running\"}, \"117\": {\"name\": \"PushToInstall\", \"status\": \"Stopped\"}, \"118\": {\"name\": \"QWAVE\", \"status\": \"Stopped\"}, \"119\": {\"name\": \"RasAuto\", \"status\": \"Stopped\"}, \"120\": {\"name\": \"RasMan\", \"status\": \"Running\"}, \"121\": {\"name\": \"RemoteAccess\", \"status\": \"Stopped\"}, \"122\": {\"name\": \"RemoteRegistry\", \"status\": \"Stopped\"}, \"123\": {\"name\": \"RetailDemo\", \"status\": \"Stopped\"}, \"124\": {\"name\": \"RmSvc\", \"status\": \"Running\"}, \"125\": {\"name\": \"RpcEptMapper\", \"status\": \"Running\"}, \"126\": {\"name\": \"RpcLocator\", \"status\": \"Stopped\"}, \"127\": {\"name\": \"RpcSs\", \"status\": \"Running\"}, \"128\": {\"name\": \"RtkAudioService\", \"status\": \"Running\"}, \"129\": {\"name\": \"SamSs\", \"status\": \"Running\"}, \"130\": {\"name\": \"SCardSvr\", \"status\": \"Stopped\"}, \"131\": {\"name\": \"ScDeviceEnum\", \"status\": \"Stopped\"}, \"132\": {\"name\": \"Schedule\", \"status\": \"Running\"}, \"133\": {\"name\": \"SCPolicySvc\", \"status\": \"Stopped\"}, \"134\": {\"name\": \"SDRSVC\", \"status\": \"Stopped\"}, \"135\": {\"name\": \"seclogon\", \"status\": \"Stopped\"}, \"136\": {\"name\": \"SecurityHealthService\", \"status\": \"Running\"}, \"137\": {\"name\": \"SEMgrSvc\", \"status\": \"Running\"}, \"138\": {\"name\": \"SENS\", \"status\": \"Running\"}, \"139\": {\"name\": \"Sense\", \"status\": \"Stopped\"}, \"140\": {\"name\": \"SensorDataService\", \"status\": \"Stopped\"}, \"141\": {\"name\": \"SensorService\", \"status\": \"Stopped\"}, \"142\": {\"name\": \"SensrSvc\", \"status\": \"Stopped\"}, \"143\": {\"name\": \"SessionEnv\", \"status\": \"Stopped\"}, \"144\": {\"name\": \"SgrmBroker\", \"status\": \"Running\"}, \"145\": {\"name\": \"SharedAccess\", \"status\": \"Stopped\"}, \"146\": {\"name\": \"SharedRealitySvc\", \"status\": \"Stopped\"}, \"147\": {\"name\": \"ShellHWDetection\", \"status\": \"Running\"}, \"148\": {\"name\": \"shpamsvc\", \"status\": \"Stopped\"}, \"149\": {\"name\": \"smphost\", \"status\": \"Stopped\"}, \"150\": {\"name\": \"SmsRouter\", \"status\": \"Stopped\"}, \"151\": {\"name\": \"SNMPTRAP\", \"status\": \"Stopped\"}, \"152\": {\"name\": \"spectrum\", \"status\": \"Stopped\"}, \"153\": {\"name\": \"Spooler\", \"status\": \"Running\"}, \"154\": {\"name\": \"sppsvc\", \"status\": \"Stopped\"}, \"155\": {\"name\": \"SSDPSRV\", \"status\": \"Running\"}, \"156\": {\"name\": \"ssh-agent\", \"status\": \"Stopped\"}, \"157\": {\"name\": \"SstpSvc\", \"status\": \"Running\"}, \"158\": {\"name\": \"StateRepository\", \"status\": \"Running\"}, \"159\": {\"name\": \"stisvc\", \"status\": \"Running\"}, \"160\": {\"name\": \"StorSvc\", \"status\": \"Running\"}, \"161\": {\"name\": \"svsvc\", \"status\": \"Stopped\"}, \"162\": {\"name\": \"swprv\", \"status\": \"Stopped\"}, \"163\": {\"name\": \"SynTPEnhService\", \"status\": \"Running\"}, \"164\": {\"name\": \"SysMain\", \"status\": \"Running\"}, \"165\": {\"name\": \"SystemEventsBroker\", \"status\": \"Running\"}, \"166\": {\"name\": \"TabletInputService\", \"status\": \"Running\"}, \"167\": {\"name\": \"TapiSrv\", \"status\": \"Running\"}, \"168\": {\"name\": \"TermService\", \"status\": \"Stopped\"}, \"169\": {\"name\": \"Themes\", \"status\": \"Running\"}, \"170\": {\"name\": \"TieringEngineService\", \"status\": \"Stopped\"}, \"171\": {\"name\": \"TimeBrokerSvc\", \"status\": \"Running\"}, \"172\": {\"name\": \"TokenBroker\", \"status\": \"Running\"}, \"173\": {\"name\": \"TrkWks\", \"status\": \"Running\"}, \"174\": {\"name\": \"TrustedInstaller\", \"status\": \"Stopped\"}, \"175\": {\"name\": \"tzautoupdate\", \"status\": \"Stopped\"}, \"176\": {\"name\": \"UevAgentService\", \"status\": \"Stopped\"}, \"177\": {\"name\": \"UmRdpService\", \"status\": \"Stopped\"}, \"178\": {\"name\": \"upnphost\", \"status\": \"Stopped\"}, \"179\": {\"name\": \"UserManager\", \"status\": \"Running\"}, \"180\": {\"name\": \"UsoSvc\", \"status\": \"Running\"}, \"181\": {\"name\": \"VacSvc\", \"status\": \"Stopped\"}, \"182\": {\"name\": \"VaultSvc\", \"status\": \"Running\"}, \"183\": {\"name\": \"vds\", \"status\": \"Stopped\"}, \"184\": {\"name\": \"vmicguestinterface\", \"status\": \"Stopped\"}, \"185\": {\"name\": \"vmicheartbeat\", \"status\": \"Stopped\"}, \"186\": {\"name\": \"vmickvpexchange\", \"status\": \"Stopped\"}, \"187\": {\"name\": \"vmicrdv\", \"status\": \"Stopped\"}, \"188\": {\"name\": \"vmicshutdown\", \"status\": \"Stopped\"}, \"189\": {\"name\": \"vmictimesync\", \"status\": \"Stopped\"}, \"190\": {\"name\": \"vmicvmsession\", \"status\": \"Stopped\"}, \"191\": {\"name\": \"vmicvss\", \"status\": \"Stopped\"}, \"192\": {\"name\": \"VSS\", \"status\": \"Stopped\"}, \"193\": {\"name\": \"VSStandardCollectorService150\", \"status\": \"Running\"}, \"194\": {\"name\": \"W32Time\", \"status\": \"Stopped\"}, \"195\": {\"name\": \"WaaSMedicSvc\", \"status\": \"Stopped\"}, \"196\": {\"name\": \"WalletService\", \"status\": \"Stopped\"}, \"197\": {\"name\": \"WarpJITSvc\", \"status\": \"Stopped\"}, \"198\": {\"name\": \"wbengine\", \"status\": \"Stopped\"}, \"199\": {\"name\": \"WbioSrvc\", \"status\": \"Stopped\"}, \"200\": {\"name\": \"WCAssistantService\", \"status\": \"Running\"}, \"201\": {\"name\": \"Wcmsvc\", \"status\": \"Running\"}, \"202\": {\"name\": \"wcncsvc\", \"status\": \"Stopped\"}, \"203\": {\"name\": \"WdiServiceHost\", \"status\": \"Running\"}, \"204\": {\"name\": \"WdiSystemHost\", \"status\": \"Running\"}, \"205\": {\"name\": \"WdNisSvc\", \"status\": \"Running\"}, \"206\": {\"name\": \"WebClient\", \"status\": \"Stopped\"}, \"207\": {\"name\": \"Wecsvc\", \"status\": \"Stopped\"}, \"208\": {\"name\": \"WEPHOSTSVC\", \"status\": \"Stopped\"}, \"209\": {\"name\": \"wercplsupport\", \"status\": \"Stopped\"}, \"210\": {\"name\": \"WerSvc\", \"status\": \"Stopped\"}, \"211\": {\"name\": \"WFDSConMgrSvc\", \"status\": \"Stopped\"}, \"212\": {\"name\": \"WiaRpc\", \"status\": \"Stopped\"}, \"213\": {\"name\": \"WinDefend\", \"status\": \"Running\"}, \"214\": {\"name\": \"WinHttpAutoProxySvc\", \"status\": \"Running\"}, \"215\": {\"name\": \"Winmgmt\", \"status\": \"Running\"}, \"216\": {\"name\": \"WinRM\", \"status\": \"Stopped\"}, \"217\": {\"name\": \"wisvc\", \"status\": \"Running\"}, \"218\": {\"name\": \"WlanSvc\", \"status\": \"Running\"}, \"219\": {\"name\": \"wlidsvc\", \"status\": \"Running\"}, \"220\": {\"name\": \"wlpasvc\", \"status\": \"Stopped\"}, \"221\": {\"name\": \"wmiApSrv\", \"status\": \"Stopped\"}, \"222\": {\"name\": \"WMPNetworkSvc\", \"status\": \"Stopped\"}, \"223\": {\"name\": \"workfolderssvc\", \"status\": \"Stopped\"}, \"224\": {\"name\": \"WpcMonSvc\", \"status\": \"Stopped\"}, \"225\": {\"name\": \"WPDBusEnum\", \"status\": \"Stopped\"}, \"226\": {\"name\": \"WpnService\", \"status\": \"Running\"}, \"227\": {\"name\": \"wscsvc\", \"status\": \"Running\"}, \"228\": {\"name\": \"WSearch\", \"status\": \"Running\"}, \"229\": {\"name\": \"wuauserv\", \"status\": \"Running\"}, \"230\": {\"name\": \"WwanSvc\", \"status\": \"Stopped\"}, \"231\": {\"name\": \"xbgm\", \"status\": \"Stopped\"}, \"232\": {\"name\": \"XblAuthManager\", \"status\": \"Stopped\"}, \"233\": {\"name\": \"XblGameSave\", \"status\": \"Stopped\"}, \"234\": {\"name\": \"XboxGipSvc\", \"status\": \"Stopped\"}, \"235\": {\"name\": \"XboxNetApiSvc\", \"status\": \"Stopped\"}, \"236\": {\"name\": \"BcastDVRUserService_7cc310\", \"status\": \"Stopped\"}, \"237\": {\"name\": \"BluetoothUserService_7cc310\", \"status\": \"Stopped\"}, \"238\": {\"name\": \"CaptureService_7cc310\", \"status\": \"Stopped\"}, \"239\": {\"name\": \"CDPUserSvc_7cc310\", \"status\": \"Running\"}, \"240\": {\"name\": \"DevicePickerUserSvc_7cc310\", \"status\": \"Stopped\"}, \"241\": {\"name\": \"DevicesFlowUserSvc_7cc310\", \"status\": \"Stopped\"}, \"242\": {\"name\": \"MessagingService_7cc310\", \"status\": \"Stopped\"}, \"243\": {\"name\": \"OneSyncSvc_7cc310\", \"status\": \"Running\"}, \"244\": {\"name\": \"PimIndexMaintenanceSvc_7cc310\", \"status\": \"Stopped\"}, \"245\": {\"name\": \"PrintWorkflowUserSvc_7cc310\", \"status\": \"Stopped\"}, \"246\": {\"name\": \"UnistoreSvc_7cc310\", \"status\": \"Stopped\"}, \"247\": {\"name\": \"UserDataSvc_7cc310\", \"status\": \"Stopped\"}, \"248\": {\"name\": \"WpnUserService_7cc310\", \"status\": \"Running\"}}',0);
/*!40000 ALTER TABLE `services_info` ENABLE KEYS */;
UNLOCK TABLES;

--
-- Table structure for table `token`
--

DROP TABLE IF EXISTS `token`;
/*!40101 SET @saved_cs_client     = @@character_set_client */;
/*!40101 SET character_set_client = utf8 */;
CREATE TABLE `token` (
  `token` varchar(100) NOT NULL,
  `mac` varchar(45) DEFAULT NULL,
  PRIMARY KEY (`token`)
) ENGINE=InnoDB DEFAULT CHARSET=utf8;
/*!40101 SET character_set_client = @saved_cs_client */;

--
-- Dumping data for table `token`
--

LOCK TABLES `token` WRITE;
/*!40000 ALTER TABLE `token` DISABLE KEYS */;
INSERT INTO `token` VALUES ('68EBE700-80F7-43A4-B2C1-53AAF2B86EEC','9CAD9702BC29'),('817ED9F7-C7EB-4E0D-B565-9FA85211828F','B82A72B84197');
/*!40000 ALTER TABLE `token` ENABLE KEYS */;
UNLOCK TABLES;

--
-- Table structure for table `token_store`
--

DROP TABLE IF EXISTS `token_store`;
/*!40101 SET @saved_cs_client     = @@character_set_client */;
/*!40101 SET character_set_client = utf8 */;
CREATE TABLE `token_store` (
  `token` varchar(100) NOT NULL,
  `is_taken` int(11) NOT NULL DEFAULT '0',
  PRIMARY KEY (`token`)
) ENGINE=InnoDB DEFAULT CHARSET=utf8;
/*!40101 SET character_set_client = @saved_cs_client */;

--
-- Dumping data for table `token_store`
--

LOCK TABLES `token_store` WRITE;
/*!40000 ALTER TABLE `token_store` DISABLE KEYS */;
INSERT INTO `token_store` VALUES ('408740c4-1597-485e-a11f-ac6cbea73185',0),('68ebe700-80f7-43a4-b2c1-53aaf2b86eec',1),('817ed9f7-c7eb-4e0d-b565-9fa85211828f',1),('d63bf58d-6b5a-4da7-b8e1-43752e47a080',0);
/*!40000 ALTER TABLE `token_store` ENABLE KEYS */;
UNLOCK TABLES;

--
-- Table structure for table `topology_bridge`
--

DROP TABLE IF EXISTS `topology_bridge`;
/*!40101 SET @saved_cs_client     = @@character_set_client */;
/*!40101 SET character_set_client = utf8 */;
CREATE TABLE `topology_bridge` (
  `id` int(11) NOT NULL AUTO_INCREMENT,
  `ip` varchar(100) DEFAULT NULL,
  `bridge` varchar(100) DEFAULT NULL,
  `vlan` varchar(100) DEFAULT NULL,
  `type` varchar(100) DEFAULT NULL,
  PRIMARY KEY (`id`)
) ENGINE=InnoDB AUTO_INCREMENT=3 DEFAULT CHARSET=latin1;
/*!40101 SET character_set_client = @saved_cs_client */;

--
-- Dumping data for table `topology_bridge`
--

LOCK TABLES `topology_bridge` WRITE;
/*!40000 ALTER TABLE `topology_bridge` DISABLE KEYS */;
INSERT INTO `topology_bridge` VALUES (1,'192.168.1.2','5c50.15ff.4c80','VLAN0001','Switch'),(2,'192.168.0.2','5c50.15cd.ee00','VLAN0001','Switch');
/*!40000 ALTER TABLE `topology_bridge` ENABLE KEYS */;
UNLOCK TABLES;

--
-- Table structure for table `topology_devices`
--

DROP TABLE IF EXISTS `topology_devices`;
/*!40101 SET @saved_cs_client     = @@character_set_client */;
/*!40101 SET character_set_client = utf8 */;
CREATE TABLE `topology_devices` (
  `id` int(11) NOT NULL AUTO_INCREMENT,
  `child_ip` varchar(50) DEFAULT NULL,
  `age` varchar(50) DEFAULT NULL,
  `hard_address` varchar(50) DEFAULT NULL,
  `interface` varchar(100) DEFAULT NULL,
  `parent_ip` varchar(50) DEFAULT NULL,
  `parent_type` varchar(50) DEFAULT NULL,
  `protocol` varchar(100) DEFAULT NULL,
  `type` varchar(45) DEFAULT NULL,
  PRIMARY KEY (`id`)
) ENGINE=InnoDB AUTO_INCREMENT=14 DEFAULT CHARSET=latin1;
/*!40101 SET character_set_client = @saved_cs_client */;

--
-- Dumping data for table `topology_devices`
--

LOCK TABLES `topology_devices` WRITE;
/*!40000 ALTER TABLE `topology_devices` DISABLE KEYS */;
INSERT INTO `topology_devices` VALUES (1,'192.168.1.10','35','507b.9d79.9bcc','Vlan1','192.168.1.2','Switch','Internet','ARPA'),(2,'192.168.1.2','-','5c50.15ff.4cc0','Vlan1','192.168.1.2','Switch','Internet','ARPA'),(3,'192.168.0.1','-','f872.ead0.bb82','GigabitEthernet0/2','192.168.1.1','Router','Internet','ARPA'),(4,'192.168.0.2','61','5c50.15cd.ee40','GigabitEthernet0/2','192.168.1.1','Router','Internet','ARPA'),(5,'192.168.0.11','7','b82a.72b8.4197','GigabitEthernet0/2','192.168.1.1','Router','Internet','ARPA'),(6,'192.168.1.1','-','f872.ead0.bb80','GigabitEthernet0/0','192.168.1.1','Router','Internet','ARPA'),(7,'192.168.1.10','0','507b.9d79.9bcc','GigabitEthernet0/0','192.168.1.1','Router','Internet','ARPA'),(8,'192.168.1.11','1','001e.3753.6e88','GigabitEthernet0/0','192.168.1.1','Router','Internet','ARPA'),(9,'192.168.1.12','7','0026.9ee9.3395','GigabitEthernet0/0','192.168.1.1','Router','Internet','ARPA'),(10,'192.168.1.13','1','b82a.72b8.4197','GigabitEthernet0/0','192.168.1.1','Router','Internet','ARPA'),(11,'192.168.2.1','-','f872.ead0.bb81','GigabitEthernet0/1','192.168.1.1','Router','Internet','ARPA'),(12,'192.168.1.10','61','f872.ead0.bb82','Vlan1','192.168.0.2','Switch','Internet','ARPA'),(13,'192.168.0.2','-','5c50.15cd.ee40','Vlan1','192.168.0.2','Switch','Internet','ARPA');
/*!40000 ALTER TABLE `topology_devices` ENABLE KEYS */;
UNLOCK TABLES;

--
-- Table structure for table `topology_hardware`
--

DROP TABLE IF EXISTS `topology_hardware`;
/*!40101 SET @saved_cs_client     = @@character_set_client */;
/*!40101 SET character_set_client = utf8 */;
CREATE TABLE `topology_hardware` (
  `id` int(11) NOT NULL AUTO_INCREMENT,
  `parent_ip` varchar(45) DEFAULT NULL,
  `vlan` varchar(45) DEFAULT NULL,
  `mac` varchar(45) DEFAULT NULL,
  `type` varchar(45) DEFAULT NULL,
  `port` varchar(45) DEFAULT NULL,
  PRIMARY KEY (`id`)
) ENGINE=InnoDB AUTO_INCREMENT=44 DEFAULT CHARSET=latin1;
/*!40101 SET character_set_client = @saved_cs_client */;

--
-- Dumping data for table `topology_hardware`
--

LOCK TABLES `topology_hardware` WRITE;
/*!40000 ALTER TABLE `topology_hardware` DISABLE KEYS */;
INSERT INTO `topology_hardware` VALUES (1,'192.168.1.2','All','0100.0ccc.cccc','STATIC','CPU'),(2,'192.168.1.2','All','0100.0ccc.cccd','STATIC','CPU'),(3,'192.168.1.2','All','0180.c200.0000','STATIC','CPU'),(4,'192.168.1.2','All','0180.c200.0001','STATIC','CPU'),(5,'192.168.1.2','All','0180.c200.0002','STATIC','CPU'),(6,'192.168.1.2','All','0180.c200.0003','STATIC','CPU'),(7,'192.168.1.2','All','0180.c200.0004','STATIC','CPU'),(8,'192.168.1.2','All','0180.c200.0005','STATIC','CPU'),(9,'192.168.1.2','All','0180.c200.0006','STATIC','CPU'),(10,'192.168.1.2','All','0180.c200.0007','STATIC','CPU'),(11,'192.168.1.2','All','0180.c200.0008','STATIC','CPU'),(12,'192.168.1.2','All','0180.c200.0009','STATIC','CPU'),(13,'192.168.1.2','All','0180.c200.000a','STATIC','CPU'),(14,'192.168.1.2','All','0180.c200.000b','STATIC','CPU'),(15,'192.168.1.2','All','0180.c200.000c','STATIC','CPU'),(16,'192.168.1.2','All','0180.c200.000d','STATIC','CPU'),(17,'192.168.1.2','All','0180.c200.000e','STATIC','CPU'),(18,'192.168.1.2','All','0180.c200.000f','STATIC','CPU'),(19,'192.168.1.2','All','0180.c200.0010','STATIC','CPU'),(20,'192.168.1.2','All','ffff.ffff.ffff','STATIC','CPU'),(21,'192.168.1.2','1','507b.9d79.9bcc','DYNAMIC','Fa0/19'),(22,'192.168.1.2','1','f872.ead0.bb80','DYNAMIC','Fa0/1'),(23,'192.168.0.2','All','0100.0ccc.cccc','STATIC','CPU'),(24,'192.168.0.2','All','0100.0ccc.cccd','STATIC','CPU'),(25,'192.168.0.2','All','0180.c200.0000','STATIC','CPU'),(26,'192.168.0.2','All','0180.c200.0001','STATIC','CPU'),(27,'192.168.0.2','All','0180.c200.0002','STATIC','CPU'),(28,'192.168.0.2','All','0180.c200.0003','STATIC','CPU'),(29,'192.168.0.2','All','0180.c200.0004','STATIC','CPU'),(30,'192.168.0.2','All','0180.c200.0005','STATIC','CPU'),(31,'192.168.0.2','All','0180.c200.0006','STATIC','CPU'),(32,'192.168.0.2','All','0180.c200.0007','STATIC','CPU'),(33,'192.168.0.2','All','0180.c200.0008','STATIC','CPU'),(34,'192.168.0.2','All','0180.c200.0009','STATIC','CPU'),(35,'192.168.0.2','All','0180.c200.000a','STATIC','CPU'),(36,'192.168.0.2','All','0180.c200.000b','STATIC','CPU'),(37,'192.168.0.2','All','0180.c200.000c','STATIC','CPU'),(38,'192.168.0.2','All','0180.c200.000d','STATIC','CPU'),(39,'192.168.0.2','All','0180.c200.000e','STATIC','CPU'),(40,'192.168.0.2','All','0180.c200.000f','STATIC','CPU'),(41,'192.168.0.2','All','0180.c200.0010','STATIC','CPU'),(42,'192.168.0.2','All','ffff.ffff.ffff','STATIC','CPU'),(43,'192.168.0.2','1','f872.ead0.bb82','DYNAMIC','Fa0/1');
/*!40000 ALTER TABLE `topology_hardware` ENABLE KEYS */;
UNLOCK TABLES;

--
-- Table structure for table `topology_ssh`
--

DROP TABLE IF EXISTS `topology_ssh`;
/*!40101 SET @saved_cs_client     = @@character_set_client */;
/*!40101 SET character_set_client = utf8 */;
CREATE TABLE `topology_ssh` (
  `id` int(11) NOT NULL AUTO_INCREMENT,
  `hostname` varchar(100) NOT NULL,
  `username` varchar(100) NOT NULL,
  `password` varchar(100) NOT NULL,
  `port` varchar(10) NOT NULL,
  `type` varchar(45) DEFAULT 'NaN',
  `host_bits` varchar(45) DEFAULT '24',
  PRIMARY KEY (`id`),
  UNIQUE KEY `hostname_UNIQUE` (`hostname`)
) ENGINE=InnoDB AUTO_INCREMENT=5 DEFAULT CHARSET=latin1;
/*!40101 SET character_set_client = @saved_cs_client */;

--
-- Dumping data for table `topology_ssh`
--

LOCK TABLES `topology_ssh` WRITE;
/*!40000 ALTER TABLE `topology_ssh` DISABLE KEYS */;
INSERT INTO `topology_ssh` VALUES (2,'192.168.1.2','admin','cisco','22','Switch','24'),(3,'192.168.1.1','admin','cisco','22','Router','24'),(4,'192.168.0.2','admin','cisco','22','Switch','24');
/*!40000 ALTER TABLE `topology_ssh` ENABLE KEYS */;
UNLOCK TABLES;

--
-- Final view structure for view `netflow_v`
--

/*!50001 DROP VIEW IF EXISTS `netflow_v`*/;
/*!50001 SET @saved_cs_client          = @@character_set_client */;
/*!50001 SET @saved_cs_results         = @@character_set_results */;
/*!50001 SET @saved_col_connection     = @@collation_connection */;
/*!50001 SET character_set_client      = utf8 */;
/*!50001 SET character_set_results     = utf8 */;
/*!50001 SET collation_connection      = utf8_general_ci */;
/*!50001 CREATE ALGORITHM=UNDEFINED */
/*!50013 DEFINER=`root`@`localhost` SQL SECURITY DEFINER */
/*!50001 VIEW `netflow_v` AS select `n`.`id` AS `id`,`n`.`version` AS `version`,`n`.`reporter` AS `reporter`,`n`.`src_id` AS `src_id`,`n`.`time_offset` AS `time_offset`,`n`.`in_bytes` AS `in_bytes`,`n`.`input_snmp` AS `input_snmp`,`n`.`layer2packetsectionoffset` AS `layer2packetsectionoffset`,`n`.`layer2packetsectionsize` AS `layer2packetsectionsize`,`n`.`layer2packetsectiondata` AS `layer2packetsectiondata`,`n`.`l4_dst_port` AS `l4_dst_port`,`n`.`ipv4_dst_addr` AS `ipv4_dst_addr`,`n`.`dst_mask` AS `dst_mask`,`n`.`output_snmp` AS `output_snmp`,`n`.`ipv4_next_hop` AS `ipv4_next_hop`,`n`.`src_as` AS `src_as`,`n`.`dst_as` AS `dst_as`,`n`.`bgp_ipv4_next_hop` AS `bgp_ipv4_next_hop`,`n`.`mul_dst_pkts` AS `mul_dst_pkts`,`n`.`in_pkts` AS `in_pkts`,`n`.`mul_dst_bytes` AS `mul_dst_bytes`,`n`.`last_switched` AS `last_switched`,`n`.`first_switched` AS `first_switched`,`n`.`out_bytes` AS `out_bytes`,`n`.`out_pkts` AS `out_pkts`,`n`.`min_pkt_lngth` AS `min_pkt_lngth`,`n`.`max_pkt_lngth` AS `max_pkt_lngth`,`n`.`ipv6_src_addr` AS `ipv6_src_addr`,`n`.`ipv6_dst_addr` AS `ipv6_dst_addr`,`n`.`ipv6_src_mask` AS `ipv6_src_mask`,`n`.`flows` AS `flows`,`n`.`ipv6_dst_mask` AS `ipv6_dst_mask`,`n`.`ipv6_flow_label` AS `ipv6_flow_label`,`n`.`icmp_type` AS `icmp_type`,`n`.`mul_igmp_type` AS `mul_igmp_type`,`n`.`sampling_interval` AS `sampling_interval`,`n`.`sampling_algorithm` AS `sampling_algorithm`,`n`.`flow_active_timeout` AS `flow_active_timeout`,`n`.`flow_inactive_timeout` AS `flow_inactive_timeout`,`n`.`engine_type` AS `engine_type`,`n`.`engine_id` AS `engine_id`,`n`.`protocol` AS `protocol`,`n`.`total_bytes_exp` AS `total_bytes_exp`,`n`.`total_pkts_exp` AS `total_pkts_exp`,`n`.`total_flows_exp` AS `total_flows_exp`,`n`.`ipv4_src_prefix` AS `ipv4_src_prefix`,`n`.`ipv4_dst_prefix` AS `ipv4_dst_prefix`,`n`.`mpls_top_label_type` AS `mpls_top_label_type`,`n`.`mpls_top_label_ip_addr` AS `mpls_top_label_ip_addr`,`n`.`flow_sampler_id` AS `flow_sampler_id`,`n`.`flow_sampler_mode` AS `flow_sampler_mode`,`n`.`src_tos` AS `src_tos`,`n`.`flow_sampler_random_interval` AS `flow_sampler_random_interval`,`n`.`min_ttl` AS `min_ttl`,`n`.`max_ttl` AS `max_ttl`,`n`.`ipv4_ident` AS `ipv4_ident`,`n`.`dst_tos` AS `dst_tos`,`n`.`in_src_mac` AS `in_src_mac`,`n`.`out_dst_mac` AS `out_dst_mac`,`n`.`src_vlan` AS `src_vlan`,`n`.`dst_vlan` AS `dst_vlan`,`n`.`tcp_flags` AS `tcp_flags`,`n`.`ip_protocol_version` AS `ip_protocol_version`,`n`.`direction` AS `direction`,`n`.`ipv6_next_hop` AS `ipv6_next_hop`,`n`.`bgp_ipv6_next_hop` AS `bgp_ipv6_next_hop`,`n`.`ipv6_option_headers` AS `ipv6_option_headers`,`n`.`l4_src_port` AS `l4_src_port`,`n`.`mpls_label_1` AS `mpls_label_1`,`n`.`mpls_label_2` AS `mpls_label_2`,`n`.`mpls_label_3` AS `mpls_label_3`,`n`.`mpls_label_4` AS `mpls_label_4`,`n`.`mpls_label_5` AS `mpls_label_5`,`n`.`mpls_label_6` AS `mpls_label_6`,`n`.`mpls_label_7` AS `mpls_label_7`,`n`.`mpls_label_8` AS `mpls_label_8`,`n`.`mpls_label_9` AS `mpls_label_9`,`n`.`mpls_label_10` AS `mpls_label_10`,`n`.`ipv4_src_addr` AS `ipv4_src_addr`,`n`.`in_dst_mac` AS `in_dst_mac`,`n`.`out_src_mac` AS `out_src_mac`,`n`.`if_name` AS `if_name`,`n`.`if_desc` AS `if_desc`,`n`.`sampler_name` AS `sampler_name`,`n`.`in_permanent_bytes` AS `in_permanent_bytes`,`n`.`in_permanent_pkts` AS `in_permanent_pkts`,`n`.`fragment_offset` AS `fragment_offset`,`n`.`forwarding_status` AS `forwarding_status`,`n`.`src_mask` AS `src_mask`,`n`.`mpls_pal_rd` AS `mpls_pal_rd`,`n`.`mpls_prefix_len` AS `mpls_prefix_len`,`n`.`src_traffic_index` AS `src_traffic_index`,`n`.`dst_traffic_index` AS `dst_traffic_index`,`n`.`application_description` AS `application_description`,`n`.`application_tag` AS `application_tag`,`n`.`application_name` AS `application_name`,`n`.`postipdiffservcodepoint` AS `postipdiffservcodepoint`,`n`.`replication_factor` AS `replication_factor`,`n`.`ts` AS `ts`,inet_ntoa(`n`.`reporter`) AS `reporter_a`,inet_ntoa(`n`.`ipv4_src_addr`) AS `ipv4_src_addr_a`,inet_ntoa(`n`.`ipv4_dst_addr`) AS `ipv4_dst_addr_a`,inet_ntoa(`n`.`ipv4_next_hop`) AS `ipv4_next_hop_a`,inet_ntoa(`n`.`bgp_ipv4_next_hop`) AS `bgp_ipv4_next_hop_a`,inet_ntoa(`n`.`ipv4_src_prefix`) AS `ipv4_src_prefix_a`,inet_ntoa(`n`.`ipv4_dst_prefix`) AS `ipv4_dst_prefix_a`,(`n`.`src_tos` >> 2) AS `src_dscp`,(`n`.`dst_tos` >> 2) AS `dst_dscp`,from_unixtime(((`n`.`first_switched` DIV 1000) + `n`.`time_offset`)) AS `first_switched_d`,from_unixtime(((`n`.`last_switched` DIV 1000) + `n`.`time_offset`)) AS `last_switched_d`,(`n`.`tcp_flags` & 1) AS `tcp_flags_fin`,((`n`.`tcp_flags` & 2) >> 1) AS `tcp_flags_syn`,((`n`.`tcp_flags` & 4) >> 2) AS `tcp_flags_rst`,((`n`.`tcp_flags` & 8) >> 3) AS `tcp_flags_psh`,((`n`.`tcp_flags` & 16) >> 4) AS `tcp_flags_ack`,((`n`.`tcp_flags` & 32) >> 5) AS `tcp_flags_urg` from `netflow` `n` */;
/*!50001 SET character_set_client      = @saved_cs_client */;
/*!50001 SET character_set_results     = @saved_cs_results */;
/*!50001 SET collation_connection      = @saved_col_connection */;
/*!40103 SET TIME_ZONE=@OLD_TIME_ZONE */;

/*!40101 SET SQL_MODE=@OLD_SQL_MODE */;
/*!40014 SET FOREIGN_KEY_CHECKS=@OLD_FOREIGN_KEY_CHECKS */;
/*!40014 SET UNIQUE_CHECKS=@OLD_UNIQUE_CHECKS */;
/*!40101 SET CHARACTER_SET_CLIENT=@OLD_CHARACTER_SET_CLIENT */;
/*!40101 SET CHARACTER_SET_RESULTS=@OLD_CHARACTER_SET_RESULTS */;
/*!40101 SET COLLATION_CONNECTION=@OLD_COLLATION_CONNECTION */;
/*!40111 SET SQL_NOTES=@OLD_SQL_NOTES */;

-- Dump completed on 2019-04-11 18:16:18
